-- MySQL dump 10.13  Distrib 5.7.28, for Linux (x86_64)
--
-- Host: localhost    Database: hust_search
-- ------------------------------------------------------
-- Server version	5.7.28-0ubuntu0.18.04.4

/*!40101 SET @OLD_CHARACTER_SET_CLIENT=@@CHARACTER_SET_CLIENT */;
/*!40101 SET @OLD_CHARACTER_SET_RESULTS=@@CHARACTER_SET_RESULTS */;
/*!40101 SET @OLD_COLLATION_CONNECTION=@@COLLATION_CONNECTION */;
/*!40101 SET NAMES utf8 */;
/*!40103 SET @OLD_TIME_ZONE=@@TIME_ZONE */;
/*!40103 SET TIME_ZONE='+00:00' */;
/*!40014 SET @OLD_UNIQUE_CHECKS=@@UNIQUE_CHECKS, UNIQUE_CHECKS=0 */;
/*!40014 SET @OLD_FOREIGN_KEY_CHECKS=@@FOREIGN_KEY_CHECKS, FOREIGN_KEY_CHECKS=0 */;
/*!40101 SET @OLD_SQL_MODE=@@SQL_MODE, SQL_MODE='NO_AUTO_VALUE_ON_ZERO' */;
/*!40111 SET @OLD_SQL_NOTES=@@SQL_NOTES, SQL_NOTES=0 */;

--
-- Table structure for table `college`
--

DROP TABLE IF EXISTS `college`;
/*!40101 SET @saved_cs_client     = @@character_set_client */;
/*!40101 SET character_set_client = utf8 */;
CREATE TABLE `college` (
  `id` int(11) NOT NULL AUTO_INCREMENT,
  `name` varchar(1024) DEFAULT NULL,
  `phone` varchar(128) DEFAULT NULL,
  `email` varchar(256) DEFAULT NULL,
  `address` text,
  `index` text CHARACTER SET latin1,
  `introduction` text,
  `wid` int(11) DEFAULT NULL COMMENT 'the id in Teacher homepage ',
  `introduction_link` text,
  `img` text,
  PRIMARY KEY (`id`)
) ENGINE=InnoDB AUTO_INCREMENT=47 DEFAULT CHARSET=utf8 COMMENT='学院表';
/*!40101 SET character_set_client = @saved_cs_client */;

--
-- Dumping data for table `college`
--

LOCK TABLES `college` WRITE;
/*!40000 ALTER TABLE `college` DISABLE KEYS */;
INSERT INTO `college` VALUES (1,'机械科学与工程学院','027-87543770','mse@hust.edu.cn','湖北省武汉市洪山区珞喻路 1037号','http://mse.hust.edu.cn/','华中科技大学机械科学与工程学院 始建于1953年，前身系华中工学院机械工程系，1988年更名为华中理工大学机械工程一系，1994年更名为华中理工大学机械科学与工程学院，2000年合校之后沿用现在的名称至今。\n\n组建之初，从当时的武汉大学、湖南大学、南昌大学、广西大学等单位抽调的一批精英以及一批从欧、美、日、前苏联等地学成回国的海内外学子汇聚在一起，白手起家、顽强拼搏，打造了机械科学与工程学院成长的雏形，奠定了今天发展的基础。\n伴随着共和国机械工业的成长，经过几代“机械人”的不懈奋斗，今天的机械科学与工程学院，已形成了自己的独特的学科优势和办学风格，汇聚了一大批在国内外机械制造领域享有盛誉的优秀人才。机械科学与工程学院的发展历程，是华中科技大学成长的缩影；良好的软硬件环境和浓郁的学术氛围，也使其被称为华中科技大学规模最大、实力最雄厚的学院之一。\n学院现设有8个系，拥有国家数字化设计与制造创新中心、数字制造装备与技术国家重点实验室、制造装备数字化国家工程研究中心、国家数控系统工程技术研究中心、国家企业信息化支撑软件工程技术研究中心5个国家级研究平台；拥有国家机械基础课程教学基地、国家机械实验教学示范中心等2个国家级基础教学平台；拥有1个国家自然科学基金创新群体、2个教育部创新团队、2个国家级教学团队；拥有机械基础课程实验中心、机械学科专业课程实验中心、先进制造与装备技术综合实验中心等3个教学科研实验平台。学院现有1个博士后流动站、6个博士点和10个硕士点，每年在机械设计制造及其自动化、工业工程、产品设计、测控技术及仪器（精密仪器方向）等四个本科专业方向招收本科生，目前在校就读的本科生近2000人，全日制硕士研究生1000余人、博士研究生450余人。作为科技产业领域的孵化器，近十年来，学院先后孵化出2个高新技术上市公司，衍生出以广东华中科技大学工业技术研究院为代表的一批面向区域经济发展服务的技术转化平台。\n目前，学院有专业教师210余人，教师中有中国科学院院士3人、中国工程院院士3人、长江学者特聘教授及青年学者11人、国家杰出青年基金获得者8人、国家“973计划”项目首席科学家及青年首席科学家共4人、“863”专家3人、国家级教学名师奖获得者2人、“青年拔尖人才支持计划”入选者2人、新世纪优秀人才支持计划入选者14人、国家百千万人才工程入选者6人、优秀青年科学基金获奖者3人。2004年，学院的“数字化设计与制造”研究团队首批入选教育部创新团队；2007年，“机械基础系列课程教学团队”获批为国家级教学团队；2009年，“机械学科测控课程群教学团队” 获批为国家级教学团队；2011年，获批“高性能数字制造装备的基础研究”国家自然科学基金创新研究群体；2013年，“微纳米制造与纳米测量技术”研究团队入选教育部创新团队。\n近十年来，学院承担并完成的国家和企业科研项目千余项，科研经费连续保持华中科技大学前茅；先后获得国家科技奖、国家级教学成果奖、国家优秀教材奖等共50余项，省部级科技奖共100余项；获得国家发明专利、实用新型专利达700余项；有6门课程被评为国家级精品课程。1999年,以机械科学与工程学院为核心的华中科技大学CIMS中心荣获了国际制造工程师（SME）颁发的大学领先奖；2002年，在全国重点学科评审中，学院的机械制造及自动化和机械设计及理论两个学科被评为国家重点学科，其中机械制造及自动化在全国重点学科评审中名列第一；2003年，学院的机械电子工程学科被评为湖北省重点学科；2007年，“机械电子工程”增选为国家重点学科，二级学科“机械设计及理论”、“机械制造及其自动化”再次被评为国家重点学科，“机械工程”一级学科被首批列为国家一级重点学科。同时，学院被教育部列为第一类特色专业建设点和人才培养模式创新实验区；2009年，学院被评为全国教育系统先进集体，机械设计制造及其自动化专业通过全国工程教育专业认证；2010年，我院机械设计制造及其自动化本科专业列入教育部第一批卓越工程师教育培养计划；2010年，机械工程领域获得全国首批“工程硕士（设备监理）研究生培养单位”；2011年，我院机械工程学科领域工学博士、工程硕士均列入教育部第一批卓越工程师教育培养计划；2012年，机械工程一级学科顺利通过教育部组织的第三轮学科评估，排名并列第一；2016年，机械工程一级学科在全国第四轮学科评估中获评A+。\n多年来，学院一贯坚持“育人为本、创新是魂、责任以行”的办学理念，把人才培养始终纳入学院工作的首等要务去抓。学院坚持“以学生教育教学为中心，用一流的教育教学创建一流的本科”。以锐意改革积极进取的精神，不断创新和完善教学方法和教学手段，形成了有鲜明特色的办学思路和教育理念，即：“加强学科基础、拓宽专业面向、重视实践创新、发展健康个性”。强调“以学生为中心、以能力培养为导向、以业界需求为牵引”，培养实学创新人才。积极推广“开放式教学模式”，将课堂教学边界延伸到社会和业界；不断探索“高等工程教育的边界再设计”的教育思想，结合业界需求和学科发展，不断优化课程体系和教学内容。我院学生在历届中国“互联网+”大学生创新创业大赛、“挑战杯”全国大学生课外学术科技作品竞赛、“创青春”全国大学生创业大赛全国机械创新设计大赛、CCTV机器人大赛、全国大学生数模竞赛、美国大学生数模竞赛、全国机器人足球锦标赛、全国大学生物流设计大赛、“红点（Red dot）”国际设计大赛、“博朗”国际工业设计大赛等大赛中取得了骄人的成绩。\n在强化自身建设的同时，学院还先后与美、英、德、日、韩、俄、澳大利亚、新加坡、香港等多所大学、研发机构和著名企业建立了广泛的合作办学和合作研究关系。近十年以来，学院先后主办并主持国际国内学术交流会议10余次，开展的国际合作研究项目10多项，近20人次在国际国内学术交流大会上做主题报告。除此之外，还与美国伍斯特工学院、英国Warwick大学、德国Aachen大学、法国梅茨工程师学院、韩国启明大学等多所国外高校建立了长期的人才培养合作关系。\n几十年来，在以杨叔子、熊有伦、周济、李培根、段正澄、丁汉等6位院士为代表的一大批学科带头人的带领下，学院始终坚持“明德、厚学、求是、创新”的优良校风，发扬“自强不息、团结协作、快速反应、尽职尽责”的“STAR”学院文化精神，以创新、发展为主题，以学科建设为主线，坚持走育人为本、“学、研、产”三足鼎立、培养高质量复合型人才的办学思路，在前进的道路上，抒写了自己成就的篇章，履行了自己肩负的责任。相信在未来的发展中，机械科学与工程学院全体教职员工一定会再接再厉、锐意进取，为把学院早日建成国内一流、世界知名的机械科学与工程学院而努力奋斗。',2267,'http://mse.hust.edu.cn/xygk/xyjj.htm','http://mse.hust.edu.cn/dfiles/11343/wcs/tpl/home/default/images/top_bg.jpg'),(2,'计算机科学与技术学院','027-87540950	','jsjxy@mail.hust.edu.cn	','华中科技大学南一楼西444室','http://cs.hust.edu.cn/','计算机科学与技术学院具有计算机科学与技术一级学科博士学位授予权（计算机系统结构、计算机软件与理论、计算机应用技术和信息安全四个二级学科均具有博士学位授予权）和一级学科博士后流动站；同时一级学科也是湖北省重点学科，其中，计算机系统结构为国家重点学科、湖北省高校特色学科。该学科是中国计算机学会常务理事单位、湖北省计算机学会理事长单位、“211工程”和“985工程”重点建设学科。2012年在教育部学位与研究生教育发展中心组织的一级学科评估中排名全国第十。\n\n学院现有教师150人，其中教授39人，副教授65人。拥有长江学者特聘教授2名，国家杰出青年基金获得者3名，973项目首席科学家2名，创新人才1名，创业人才1名，计划入选者1名，百千万人才工程国家级人选者2名，优秀青年基金获得者3名，中组部青年拔尖人才2名，教育部新世纪人才7名，有两个学术团队被评为教育部创新团队,一个学术团队被评为科技部创新团队。\n\n学院拥有信息存储系统教育部重点实验室、服务计算技术与系统教育部重点实验室、数据存储系统与技术教育部工程中心、网络存储技术湖北省工程研究中心、集群与网格计算湖北省重点实验室、湖北省数据库工程技术研究中心、下一代互联网接入系统国家重点实验室，拥有华中科技大学IBM技术中心、国家高性能计算中心（武汉）。另外，本学科是中国教育科研计算机网华中中心结点单位，是中国教育科研网格主结点、中国国家网格（武汉）结点单位，是武汉光电国家实验室（筹）的重要组成单位之一。\n\n近3年来，承担各类科研项目380余项，其中包括“973”项目（首席科学家单位）、863计划重大项目、国家支撑计划、国家重大专项、国家自然科学基金重点项目重大研究计划及国防预先重点技术项目等国家级重大项目，是863计划重大项目总体专家组组长单位。获得国家科技进步二等奖1项，省部级科技成果奖5项，国家授权专利125项，发表学术论文683篇，其中600篇被SCI、EI、ISTP三大索引收录。\n\n学院现在校博士生259名、硕士生633名。毕业博士研究生769名，获得2篇全国优秀博士学位论文，2篇中国计算机协会优秀博士学位论文，3篇中国计算机协会优秀博士学位论文提名奖，19篇湖北省优秀博士学位论文。毕业硕士研究生4450名，获得27篇湖北省优秀硕士学位论文。\n\n学院在信息存储技术与系统、并行分布式计算、现代数据库理论与技术、数字媒体、网络系统、信息安全和NP难度问题求解等方面形成了自己的特色，具有突出的综合实力。\n\n信息存储技术与系统方向近年来在超大规模存储系统、新型存储器件与系统、存储服务与安全、网络存储系统、云存储等方面进行了深入研究，取得了一批创新性成果。其研究团队是教育部创新团队，973项目首席科学家单位，在国内外有较大影响。\n\n并行与分布式计算方向主要研究云计算与分布式处理、多核体系结构与系统虚拟化、集群计算与网格计算、对等计算与流媒体服务等。其研究团队是教育部创新团队，973项目首席科学家单位和教育部211工程重大专项的牵头单位，其研究整体上在国内处于领先水平。\n\n嵌入与普适计算方向主要研究领域包括：嵌入式系统，物联网/泛在网，普适和移动计算与网络，并行分布式计算，人机交互原理、智能空间、情境感知计算以及普适计算系统软件等。\n\n现代数据库理论与技术方向，在国内最早推出国产数据库管理系统产品，在实时数据库、主动数据库、内存数据库、移动数据库、多媒体数据库、时空数据库等方面取得了丰硕的研究成果。近年来，致力于在智能多结构数据管理及大数据处理展开深入研究；数据挖掘方向近年来在数据流处理、基于传感网格和网格的数据管理等方面展开了研究，有些研究处于明显的优势地位。\n\n软件理论方向长期致力于计算机科学中的核心问题—NP难度问题的现实求解算法研究，在智能计算与应用研究领域将重点研究资源受限条件下复杂的组合优化问题求解的理论、核心技术和工程应用。\n\n数字媒体研究方向，在基于视频的内容检索、情感分析、图像测量、人机交互、数字水印等方面，以及在自然图像解析、医学图像特征提取、医学成像设备开发等方面取得了丰富的研究成果，形成了明显的研究特色。\n\n网络方向主要研究网络体系结构，大规模复杂网络和P2P网络的管理模型及相关理论与技术，互联网流量分析及控制，新一代互连网安全脆弱性评估和安全监测等方面，相关研究成果已经取得了良好的社会与经济效益。\n\n信息安全方向主要研究密码理论与技术，访问控制，软件漏洞测试、控制与利用，虚拟化安全和云安全，网络安全，媒体安全及可信计算等方面的理论与技术，形成了较为完整的信息安全理论与技术的研究体系，取得了一批理论与实际成果。\n\n软件工程领域主要研究软件服务的理论、方法、技术和应用，面向领域的软件工程方法与技术、面向服务的计算以及具有示范性作用的应用系统。\n\n此外，在嵌入式系统与信息安全、手机支撑软件研发、云计算平台及支撑服务等方面进行了深入的研究，并与高科技企业建立了战略合作伙伴关系，在大型应用软件开发、片载操作系统、智能卡应用、信息安全软件等方面形成良好的研究和应用基础，能够跟踪智能卡应用领域的国际前沿研究。\n\n学院注重国内外学术交流，邀请国内外著名专家讲学，鼓励博士生在国际上发表高水平学术论文，资助博士生出国（境）参加国际会议。\n\n学院为录取的研究生提供各种奖学金、良好的硬件研究条件和宽松的学术环境，致力于培养具有坚实宽广的基础理论和深入系统的专门知识具有独立从事科研工作能力，并做出一流研究成果的博士生和具有坚实的基础理论和系统的专门知识，在某一领域具有较深入研究，初步具有从事研究工作能力的硕士生。\n\n近年来，计算机研究生就业形势良好，就业质量高，研究生就业率达到100%，平均薪酬在10万以上。研究生就业的主要去向为北京、上海、深圳等地，主要行业包括IT、互联网、国家机关以及各个大、中型企、事业单位，部分研究生还进入了微软、IBM等世界顶尖企业。',2281,'http://cs.hust.edu.cn/xygk/xyjj.htm','http://cs.hust.edu.cn/images/logo.png'),(3,'网络空间安全学院','027-87540560','cyberse@hust.edu.cn','湖北省武汉市洪山区珞喻路1037号','http://cse.hust.edu.cn/','华中科技大学在上世纪80年代就建立了信息安全实验室，在多年积累信息安全教学和研究实践经验的基础上，于2002年建立了信息安全专业，同年设立硕士、博士学位授予点，2003年招收首届本科生和硕士、博士研究生，是国内较早成立本专业的高校之一。2007年成为国内首批“信息安全特色专业”，2016年2月获得首批“网络空间安全”一级学科博士点授予权。\n\n2016年学校积极响应国家战略部署，成立网络空间安全学院。秉执参与国际竞争的历史使命与培养人才的教育使命，学院以建设“一流网络安全学院”为目标，以“德才兼备、软硬兼修、特色强院、学科一流”为办学方针。近几年来，在人才培养方面实施“分级通关”综合实践能力培养方案，是目前国内唯一在本科教学中系统性推行综合实践能力培养的学校。在科研方面，承担了包括973计划项目“云计算安全基础理论与方法研究”、国家自然科学基金重点项目、科技部网络空间安全重点专项课题等多个国家重要项目；在平台建设方面，在依托现有国家、省部级相关平台外，建设有大数据安全湖北省工程研究中心，成立武汉网络安全战略与发展研究院，作为国家网安基地的智库和产业创新源头。在学术交流方面，打造了国内知名品牌的华中科技大学网络空间安全喻园青年科学家论坛，出版网络空间安全技术前沿进展报告；积极承办全国人才培养与学科建设会议以及全国网络空间安全创新能力大赛等，在学界和业界具有较高的声誉。\n\n2017年，华中科技大学与国家网络安全人才与创新基地签订战略合作协议，共同打造极具特色的“网络安全学院+网络安全产业谷”模式，是目前国内唯一的国家网络安全人才与创新基地建设的核心单位之一。位于基地的新院区正按照“21世纪国际一流大学建筑的标杆”目标设计建造，基地顶尖的共享设施与产业园区将为我院的人才培养、科研创新、社会服务等提供优越的发展环境。',2464,'http://cse.hust.edu.cn/xygk/xyjj.htm','http://cse.hust.edu.cn/dfiles/4072/wlaq/res/201907/15/60fb82af871979c8.jpg'),(4,'生命科学与技术学院','02787792073',NULL,'中国湖北武汉珞喻路1037号','http://life.hust.edu.cn/zwsy/sy.htm','华中科技大学生命科学与技术学院始建于1980年，经历了由最初的生物工程系到生命科学与技术学院的发展历程。现有生物医学工程系、生物技术系、生物科学系、纳米医药与生物制药系、生物信息与系统生物学系、实验教学中心、科研公共平台和党政办公室等8个单位。\n\n学院学科建设凸显理工医交叉特色，拥有生物医学工程一级国家重点学科，生物物理学二级国家重点学科和生物学湖北省一级重点学科。在全国第四轮学科评估中，我院生物医学工程学科被评估为“A+”档（排名前2%或前2）；生物学学科被评估为“A-”档（排名前5%-10%），标志着学院学科建设取得重大突破。学院参与支持了我校工程学科进入ESI全球排名前1‰，生物学和生物化学、分子生物学与遗传学、药理学与毒理学、农业科学学科进入ESI前1%国际排名。 同时，还支持了学校其它多个学科的ESI前1%国际排名。\n\n学院拥有一批国家、省部级科研平台，包括武汉光电国家研究中心生物医学光子学部、国家纳米药物工程技术研究中心、国家发改委武汉生物产业基地生物医药科技服务平台、国家科技部基因工程国际合作基地、国家创新引智基地、湖北省药食两用资源工程技术研究中心以及4个省部级重点实验室（生物医学光子学教育部重点实验室，分子生物物理学教育部重点实验室，图像信息处理与智能控制教育部重点实验室（共建）和湖北省生物信息与分子成像重点实验室）。同时，已建成多个国际合作平台，包括中法联合细胞信号转导实验室、中德马普生物物理与生物化学合作实验室、中英基因工程和基因组学联合实验室、中美人类基因组合作研究中心、中韩生物材料联合研究中心等国际化联合实验室（中心）。此外，学院还与生物医药企业联合建立了湖北省微生物油脂工程技术中心、华中科技大学贵州生物技术中心和湖北省桑蚕精深加工工程技术研究中心等产学研合作平台。\n\n学院拥有生物医学工程和生物学两个一级学科从本科、硕士、博士到博士后较为完备的人才培养体系，包括生物医学工程、生物学2个一级学科博士后流动站；生物医学工程、生物医学光子学、生物信息技术、生物材料与组织工程、生物制药工程、遗传学、生物物理学、微生物学、生物化学与分子生物学、植物学、水生生物学等11个博士点和硕士点；生物医学工程、生物工程、制药工程3个工程硕士点；生物医学工程、生物技术、生物信息技术、生物科学、生物制药5个本科专业。拥有“国家生命科学与技术人才培养基地”、生物科学“国家理科基础科学研究和教学人才培养基地” 2个国家级人才培养基地，与中国科学院大学及中科院生物物理研究所联合成立了基础学科拔尖人才（贝时璋菁英）实验班,建成启明学院基础学科生物科学与技术（生物技术）实验班、生物医学工程卓越工程师实验班、华大基因联合培养生物信息人才实验班等拔尖人才培养实验班，建成国家生命科学与技术虚拟仿真实验教学示范中心。初步形成了培养高水平创新人才的体制机制。现有在读本科生1209人，硕士研究生383人，博士研究生379人，国际留学生(研究生)73人。\n\n学院组建了一支国际化、高水平、年轻化的师资队伍，现有教职工147人，其中教授66人，副教授39人。专任教师中，有博士学位的占98%，45岁以下的占83%， 具有海外博士学位或具有一年以上海外研究经历的教师达78%。学院拥有“长江学者奖励计划”特聘教授1名、讲座教授4名、青年学者2人，青年拔尖人才2人，3名国家杰出青年基金和2名优秀青年科学基金获得者，3名国家“万人计划”科技创新领军人才，3名科技部“创新人才推进计划”中青年科技创新领军人才，拥有4个国际著名学会的FELLOW；1个国家科技部重点领域创新团队, 2个教育部创新团队，1个国家级教学团队，1个国家自然科学基金委创新群体, 3个湖北省创新团队, 1个国家111创新引智计划；14名教育部跨（新）世纪优秀人才，4名湖北省百人计划，6名湖北省楚天学者特聘教授，6名湖北省楚天学子，2 名湖北教学名师。此外，学院还聘请了一批国内外著名学者担任兼职教授，师资力量雄厚。\n\n学院科研实力雄厚，自2011年以来，发表高水平SCI 论文千余篇，其中影响因子≥10的论文57篇，包括Cell、Science、Nature及其子刊等国际顶尖期刊杂志论文28篇。科研经费增长迅猛，累计科研合同经费近8亿元，承担了一批重大的国家级科研项目，其中：牵头主持国家重大基础研究计划（973项目）8项，主持国家千万级科研项目8项，获973、863 等计划课题25项；NSFC 杰青、重点、重大科研仪器研制等48项，面上及青年项目209项，连续十年保持全校前列。取得一批原创成果，获国家技术发明二等奖 1项，省、部级科技与教育一等奖3项，国际日内瓦发明展会金奖4项、银奖1项；获授权发明专利200项、转化发明专利80 项，累计实现产值20多亿元。其中，世界首台临床全数字PET样机进入临床验证。\n\n学院一贯重视国际合作与交流，与美国、法国、瑞典、德国、英国、俄罗斯和澳大利亚等国的高校和科研院所开展了广泛而实质性的科研合作与人才培养。每年定期举办硕士生论坛、博士生学术年会、博士生交叉学科创新论坛和各种沙龙活动，主办或承办国内外高水平学术会议，邀请国内外知名专家进行学术交流。\n\n 学院全体师生员工将秉承“明德、厚学、求实、创新”的校风，脚踏实地，真抓实干，努力拼搏，为争创世界一流的生命学科而努力奋斗。',2274,'http://life.hust.edu.cn/zwsy/sy.htm','http://life.hust.edu.cn/chinese/dfiles/17920/r/cms/www/red/img/top_c1.jpg'),(5,'电气与电子工程学院','86-027-87543228','seee@mail.hust.edu.cn','湖北省·武汉市 珞瑜路1037号 华中科技大学电气大楼A座','http://ceee.hust.edu.cn/','华中科技大学是国家教育部直属的全国重点大学，是首批列入国家“211工程”重点建设和国家“985工程”建设高校之一，是2017年国家确定的首批“双一流”建设高校。学校占地7000余亩，位于中国光谷核心区的东湖之畔，校园环境优美，绿树成荫，绿化率达72%，被誉为“森林式大学”。紧邻的东湖绿道为广大师生打造了世界级休闲健身的“后花园”。\n\n\n华中科技大学电气与电子工程学院前身为华中工学院电力系，始建于1952年，1988年改称华中理工大学电力工程系，2001年建制华中科技大学电气与电子工程学院。在教育部历轮一级学科评估中，本院电气工程学科均名列全国前三，2017年入选国家首批“双一流”建设学科。\n\n学院师资力量雄厚。现有教授76人、副教授70人，其中：院士3人，长江学者特聘教授4人、青年项目1人，国家杰出青年科学基金获得者2人，国家优秀青年科学基金获得者3人，973项目首席科学家和国家重点研发计划项目负责人12人；国家基金委创新研究群体1个，国家级教学团队2个，教育部创新团队2个，科技部重点领域创新团队1个，已形成一支学术研究方向明确、研究力量均衡的高水平学术队伍。设有电机及控制工程系、电力工程系、高电压工程系、应用电子工程系、电工理论与电磁新技术系、聚变与等离子体研究所、应用电磁工程研究所、强磁场技术研究所和国家级电工电子实验教学示范中心（电工）、国家电工电子工科基础课程教学基地（电工）。\n\n学院学科方向齐全。学院所属的电气工程学科是首批国家一级重点学科，建有教育部确定下设的全部5个学科方向，其中：电机与电器、电力系统及其自动化、电工理论与新技术均为国家二级重点学科；电力电子与电力传动和电磁理论与新技术（含高电压与绝缘）为国防特色学科。学院主要研究方向覆盖了电能生产、传输、应用、变换、检测、控制和调度、管理等的全过程。同时，学院以国际一流电气学科方向为参照，通过学科交叉融合，开辟了一批新兴前沿学科方向，如：电能存储、脉冲功率、脉冲强磁场、磁约束聚变、等离子体医学、加速器及应用、先进电工材料与器件等，形成了国内研究领域较宽的电气工程学科。\n\n学院具备国内电气学科最完备的科研创新平台。拥有国家重大科技基础设施、国家重点实验室各1个，以及10个省部级重点实验室（工程研究中心）。其中：脉冲强磁场实验装置是国内电气工程学科唯一的国家重大科技基础设施，已进入国际顶尖的脉冲强磁场装置行列；拥有国内高校唯一的大中型托卡马克J-TEXT，是教育部认定的磁约束聚变人才培养与基础研究基地；拥有国内高校唯一的新型电机国家专业实验室，建设有包含电力安全、新型电机、脉冲功率、舰船电力等方面的多个省部级重点实验室和工程研究中心。学院拥有10栋教学科研大楼，新建设的电气大楼建筑面积达3.2万平米。\n\n学院坚持把人才培养的质量放在第一位。学院是国内首批硕士点、博士点、博士后流动站和一级学科博士学位授权单位。在校本科生1700余人、研究生1000余人。2016年中国成为“华盛顿协议”（国际本科工程学位互认协议）正式成员国后，学院当年即通过工程教育认证。学院录取的本科生高考成绩在华中科技大学名列前茅，研究生90%以上来自于985和211大学。学院建有首批国家级实验教学示范中心1个、国家级教学团队2个、国家级实践教学基地5个，拥有国家第一类特色专业建设点、国家级人才培养模式创新实验区，建设了4个国家级精品课程和国家级网络精品共享课程。人才培养质量得到社会高度认可，企业每年在学院设立的社会奖学金过百万，面向学院毕业生的专场招聘会过百场。学院毕业生获得多篇全国百篇优秀博士学位论文和优秀博士学位论文提名。\n\n学院承担了多批国家重要研究任务。以国家重大需求和学科发展前沿为牵引，近五年牵头完成了国家973项目、国家重点研发计划、ITER计划专项、863计划专项、国家自然科学基金等一批重大重点项目，年均到校科研经费超过2亿元；获得国家发明专利350多项，国际专利6项，发布SCI论文1300多篇，ESI高被引论文36篇、热点论文7篇；先后获得国家科技进步奖一等奖1项，二等奖4项，省部级科技奖励20余项。国家于2016年开始设立重点研发计划以来，学院承担的项目和课题达到29个。\n\n学院的学术交流活跃。多位教师在国内重大科技基础设施规划委员会、国家重大专项专家委员会、国际强磁场协会等重要科技咨询资质中任职。与美国普林斯顿大学、美国国家强磁场实验室、德国马普等离子体物理研究所、法国原子能委员会受控核聚变所等20多个科研机构建立了长期深入的合作关系；应邀参与ITPA国际联合实验，联合承担了7个中国科技部与美国能源部共同组织的中美聚变合作项目。近五年来承办了国家基金委电工学科十三五规划暨学科发展战略研讨会、第二届中国粒子加速器会议、中国托卡马克物理东湖会议、“强磁场领域下的前沿科学研究”国际学术研讨会、中国电力教育大学院（校）长联席会、中国科学院技术科学部常委会和第六届IET可再生能源发电国际会议等多个国内外重要学术会议。\n\n学院全体师生员工以建设世界一流的电气工程学科为目标，以发展电工高新技术和电力技术为主导，凝炼学科方向，汇聚学术队伍，构筑学科基地，醇化学术氛围，团结务实，求真创新，共创电气工程学科更美好的未来。\n\n（2018年8月修订）',2272,'http://ceee.hust.edu.cn/xygk/xyjj.htm','http://ceee.hust.edu.cn/dfiles/12842/res/201612/15/5641d51930ddb3b3.jpg'),(6,'材料科学与工程学院','027-87543676','clxyyzxx@hust.edu.cn','湖北省武汉市洪山区珞喻路1037号','http://mat.hust.edu.cn/','华中科技大学材料科学与工程学院创建于1953年，经过几代人的不懈努力，现已具备独特的学科优势和办学风格、良好的软硬件环境和浓郁的学术氛围，成为华中科技大学规模较大、实力雄厚的学院之一。\n\n学院的材料科学与工程涵括“材料物理与化学”、“材料学”、“材料加工工程”三个二级学科，是一级学科国家重点学科、国家“211工程”和“985工程”重点建设学科、国家“双一流”建设学科。该学科1998年获得一级学科博士学位授予权，设有材料科学与工程博士后流动站。目前学科ESI排名已进入全球前1‰，美国US News 排名居全球第45位。\n\n学院拥有材料成形与模具技术国家重点实验室、材料科学与工程国家实验教学示范中心、国家示范性工程专业学位研究生联合基地、科技部快速原型制造技术生产力促进中心、教育部材料学科创新型人才培养实验区等多个国家级科研与教学平台，也是武汉光电国家实验室和脉冲强磁场实验装置国家科学中心等的重要依托学科。学院近5年共投入近1亿元进行研究平台建设，建立了先进的材料分析与测试、材料制备、材料成形等公共科研与教学平台，拥有一大批高端仪器设备，大大提升了学科的科研实力。\n\n学院建有一支由知名教授领衔，老、中、青结合的师资队伍，现有教授54名、副教授47名、副研究员4名，其中中国工程院院士3名，双聘院士2名，教育部长江学者特聘教授2名、青年学者1名，国家杰出青年科学基金获得者4名、优青2名，中组部“万人计划”3名，中组部青年拔尖人才1名，教育部新世纪人才9名，拥有教育部创新团队2个。新引进的青年教师中，来自哈佛大学、麻省理工大学、斯坦福大学等国际名校的日益增多。\n\n学院设有材料成型及控制工程、材料科学与工程、电子封装技术、功能材料4个本科专业。其中，材料成型及控制工程专业已通过国际工程专业认证（华盛顿协议），是国家级品牌专业，多年来全国排名第一；设有材料加工工程、材料学、材料物理与化学、纳米科学与技术、数字化材料成形、电子封装6个研究生专业。人才培养质量在国内名列前茅。\n\n近5年来，学院承担了各类科研项目700多项，包括国家973、重大专项、863、支撑计划、ITER计划、自然科学基金等，累计科研经费超过3亿元；获省部级以上科研奖励20余项，其中国家级科技奖励7项；在国内外重要学术期刊上发表论文2000余篇（SCI收录600余篇，影响因子大于10的论文100余篇），出版专著和教材20余部；获国家发明专利100余项。',2268,'http://mat.hust.edu.cn/xygk/xyjj.htm','http://mat.hust.edu.cn/images/logo.png'),(7,'船舶与海洋工程学院','027-87543258',NULL,'中国·湖北省·武汉市 珞喻路1037号','http://ch.hust.edu.cn/','船舶与海洋工程学院的前身造船系是1959年4月18日受海军委托而创建（朱九思院长曾兼首任系主任）。经刘颖、程天柱、郑际嘉等船舶领域知名专家以及一批批科技人员的辛勤工作而发展至今。1980年，造船系改名为船舶工程系，1984年改名为船舶与海洋工程系，1997年，以船舶与海洋工程学科为主体，成立交通科学与工程学院。2008年4月8日，华中科技大学船舶与海洋工程学院正式成立。\n\n学院分别于1981年、1984年获得硕士学位、博士学位授予权，是全国第一批有学位授予权的学科点，1995年建立船舶与海洋工程博士后流动站，1998年船舶与海洋工程被批准为湖北省重点学科，1990年获轮机工程硕士授予权，2000年获一级学科博士、硕士学位授予权，2007年，船舶和海洋水动力实验室获批湖北省重点实验室（筹），2008年船舶与海洋结构物设计制造被批准为省重点学科，2010年，“船舶和海洋水动力湖北省重点实验室”通过验收。2013年，获批“船舶与海洋工程”一级学科湖北省重点学科。2014年，参与上海交通大学牵头的“高新船舶与深海开发装备协同创新中心（2011计划）”获得教育部、财政部认定。2015年，参与上海交通大学牵头的“中国海洋装备工程科技发展战略研究院”获得中国工程院批准。2016年，获批国防科工局“船舶设计与制造”主干类国防特色学科。2017年，参与中船重工750试验场牵头的“海洋工程装备检测试验技术国家工程实验室”获得国家发改委认定。2018年，“船舶数据技术与支撑软件湖北省工程研究中心”获得省发改委认定。学院是两大国际组织ITTC和ISSC的成员单位。\n\n学院现设有船舶与海洋工程、轮机工程2个本科专业，船舶与海洋结构物设计制造、轮机工程、水下工程三个硕士点和博士点。目前学院有教职工50余人，其中教授10人，副教授22人，其中1人入选国家“万人计划”青年拔尖人才，3人入选“楚天学者计划”，在校学生1千余人。学院曾获国家科技进步一、二等奖4项，省级科技进步特等奖1项，一、二、三等奖30余项。',2273,'http://ch.hust.edu.cn/xygk/xyjj.htm','http://ch.hust.edu.cn/dfiles/12473/images/top.gif'),(8,'能源与动力工程学院','027-87542418',NULL,'湖北省武汉市洪山区珞瑜路','http://energy.hust.edu.cn/','能源与动力工程学院是华中科技大学前身之一的华中工学院建校时创办的院（系）之一，其动力工程及工程热物理是首批一级国家重点学科，现有热能工程、工程热物理、动力机械及工程、流体机械及工程、制冷及低温工程、化工过程机械5个二级学科，能源与动力工程、核工程与核技术、新能源科学与工程三个本科专业。具有以煤燃烧国家重点实验室、国家能源煤清洁低碳发电技术研发中心、能源动力装置节能减排教育部工程研究中心、9个国家级工程实践中心等为支撑的学科体系。\n\n学院师资力量雄厚，现有教授52人、副教授59人。近年来，有2人次受聘为国家“973计划”项目首席科学家，有2人次受聘为国家“863计划”能源领域专家，2人入选“国家百千万人才工程”国家级人选，3人获得“国家杰出青年基金”，4人受聘为“长江学者奖励计划”特聘教授，1人入选“长江学者”讲座教授，1人入选“长江学者”青年学者，3人入选中国国家高层次人才特殊支持计划(又称“万人计划”)，3人入选“万人计划青年拔尖人才”，2人获得“国家优秀青年基金”， 9人被评为教育部“新（跨）世纪人才”。\n\n学院主要围绕化石能源的低碳高效安全利用和污染物深度联合脱除、能源终端利用优化与节能、可再生能源、先进动力装置等方面开展科学研究和人才培养。自2012年来，科研工作取得显著成绩。自然科学基金等国家级项目名列国内工程热物理及动力工程学科前列，其中国家自然科学重点项目2项，杰出青年基金1项，优秀青年基金1项，国家“973”课题6项，国家支撑计划2项，国家“863”计划3项。国际合作成果显著，获得国际合作经费近5000万，其中科技部国际合作专项5项，基金委国际合作重大项目 1项。\n\n学院拥有国家自然科学基金创新群体，首批国家高等学校学科创新引智基地并获得滚动支持，教育部首批“985”工程创新团队，27人分别获得国务院颁发的政府特殊津贴和湖北省“有突出贡献的中青年专家”称号等。\n\n学院获国家自然科学二等奖2项，国家技术发明二等奖1项，国家科技进步二等奖3项，近五年获省部级一等奖5项，二等奖4项；发表和出版了大量高水平论文和专著，近五年被SCI收录的论文达640篇。其中LBM和煤燃烧相关学科发表论文名列全球第一，近十年发表论文引用对学校工科进入ESI前千分之一贡献名列全校第一，论文单篇最高他引956次，位列全校第一，授权发明专利96项。\n\n能源学院现有硕士研究生551人，博士研究生236人，本科生近1500人。已形成了厚基础、宽口径的高素质人才培养体系，优良的学风和浓厚的学术氛围。60多年来，多位杰出毕业生成为中国、美国、澳大利亚工程院院士，还有大批优秀毕业生已成为欧美和国内著名大学、企业、政府机构中的杰出人才。\n\n学院已与美国、英国、法国、日本、加拿大、澳大利亚、意大利、葡萄牙等20多个国家的著名大学和科研机构建立了长期的合作关系。近年多所国际知名大学校长和百余名境外教授到访，开展学术交流与联合培养学生。\n\n学院将在应用领先、基础突破、责任以行的办学理念指导下，努力培养栋梁人才，深入开展科学研究，保持学科的整体水平和综合实力处于国内一流，把重点和特色学科建成为国际知名的高水平学科',2269,'http://energy.hust.edu.cn/xygk/xyjj.htm','http://energy.hust.edu.cn/images/logo.png'),(9,'人工智能与自动化学院','027-87543130','autoyld@hust.edu.cn','湖北省武汉市洪山区珞喻路1037号','http://aia.hust.edu.cn/','华中科技大学人工智能与自动化学院起源于1956年原华中工学院设立的自动控制本科专业，1961年开始招收研究生。1998年首批获控制科学与工程一级学科博士学位授予权，2007年首批成为控制科学与工程一级国家重点学科。现有在校本科生1200余人，硕士、博士研究生近1000人。学院秉承“积极进取（Ambitious）、锐意创新（Unique）、包容并蓄（Tolerant）、开放交流（Open）”的“AUTO”文化精神，始终以我国国民经济发展和国家安全需求为指引，以培养一流人才和奉献前沿研究成果为己任，以建设控制领域国际一流学科为目标，服务于国家建设和发展。\n\n学院拥有“多谱信息处理技术”国家级科技重点实验室、“图像信息处理与智能控制”教育部重点实验室和高等学校学科创新引智计划“计算智能与智能控制学科创新引智基地”。学院现有在岗教职员工130人，教授47人（博士生导师42人），副教授43人，教育部长江学者特聘教授2人、青年学者1人，国家杰出青年科学基金获得者2人，国家优秀青年科学基金1人，中组部拔尖人才1人，教育部新世纪人才10人，华中学者18人。拥有1个国防科技创新团队，1个教育部创新群体。\n\n学院国际学术交流活动频繁，近5年举办国际学术会议7次，每年特邀报告40余场，邀请了150多位国际知名专家学者来学院讲学，每年10多名海外知名大学教授来学院工作一个月及以上，进入本科生和研究生课堂，讲授本科和研究生课程。学院教师积极出访参与国际学术交流活动，近5年12位青年教师到境外访学一年，教师中有140人次出国参加学术交流。\n\n近五年，学院承担国家重大专项、国基金重点项目等国家级重大项目165项，各类预研、省部级科研和横向课题200余项，科研经费2.6亿元。发表SCI论文近600篇，获批专利110余项。近5年以来，学院获得省部级科技一等奖9项，参与获得国家科技二等奖2项。\n\n学院现拥有3个本科专业（自动化、测控技术与仪器、物流管理（系统工程方向）），并开设自动化理工交叉创新实验班。5个工学硕士点、博士点（控制理论与控制工程、检测技术与自动化装置、系统工程、模式识别与智能系统、导航、制导与控制 ），1个理学硕士点、博士点（系统分析与集成），设有控制科学与工程博士后流动站。已形成本科、硕士、博士、博士后完整的人才培养体系，目前在校就读本科生1300余人、全日制硕士研究生750余人、全日制博士研究生250余人。\n\n华中科技大学人工智能与自动化学院正以建设控制领域国际一流学科为目标，优化学科结构布局，广纳海内外优秀青年人才，汇聚高水平学术队伍，团结务实，求真创新，共创控制学科更美好的未来。\n\n',2278,'http://aia.hust.edu.cn/yxgk/byjj.htm','http://aia.hust.edu.cn/images/logoauto.png'),(10,'光学与电子信息学院','027-87558726 ','mjnie@hust.edu.cn','中国•湖北省武汉市珞喻路1037号 华中科技大学南五楼六楼','http://oei.hust.edu.cn/','光学与电子信息学院的历史可以追溯到1960年原华中工学院创办的无线电电子学系。在中国著名教育家朱九思等老一辈领导的关心推动下，学院在国内较早开展了激光、光电子、半导体等专业方向建设。经过55年的发展建设，学院已经成为华中科技大学规模最大、实力最雄厚的院系之一。2012年6月，原电子科学与技术系与原光电子科学与工程学院合并，强强联合组建了光学与电子信息学院，学院发展由此开启了新的篇章。2017年9月，光学工程学科被教育部批准为国家“双一流”建设学科。华中科技大学统筹光学工程、电子科学与技术两个优势学科力量，规划建设“光电信息一流学科群”，纳入学校“双一流”建设总体规划，予以重点支持建设。',2277,'http://oei.hust.edu.cn/xygk/xyjj.htm','http://oei.hust.edu.cn/images/logo1.png'),(11,'水电与数字化工程学院','027-87540824',NULL,'中国•湖北省武汉市珞喻路1037号 华中科技大学南五楼六楼','http://hae.hust.edu.cn/','水电与数字化工程学院成立于2001年3月，其前身是华中理工大学水利水电及自动化工程系，她不仅是我校建校时前苏联援建设立的第一批重点学科，而且也是国务院批准设立的第一批重点学科，而且也是国务院批准的首批博士学位授权点和首批博士后流动 站，同时，亦是国家\"211工程\"重点学科建设单位。近五十年来，经过几代人的努力和奋斗，学院已在相关领域处于国内一流水平，并在水电能源规划、设计、开发、运行、控 制以及计算机数字仿真与三维可视化信息系统虚拟现实技术等交叉学科研究领域跻身国内领先的地位。研究成果获得国内外学术界的声誉，成为华中科技大学学科建设具有很高显示度的亮点，吸引了国内学术和大批著名企业的瞻目。',2285,'http://hae.hust.edu.cn/xygk/xyjj.htm','http://hae.hust.edu.cn/dfiles/11302/imgs/hae01.jpg'),(12,'软件学院','027-87792252',NULL,'中国•湖北省武汉市珞喻路1037号 华中科技大学南五楼六楼','http://sse.hust.edu.cn/','华中科技大学软件学院是经教育部批准（教高[2001]6号文）的首批35所国家示范性软件学院之一。华中科技大学软件学院坚持以需求为目标，面向产业、面向领域；坚持国际合作、校企共建；坚持质量第一，素质与技术并重、基础与实践统一；坚持办学模式、管理体制、课程体系、教学内容和教学方法的改革和创新；秉承“厚基础、强能力、重实践、求创新”的工程化办学理念；做到人才培养与社会需求的无缝接轨，使其成为培养高层次、复合型、国际化、工程型软件精英人才基地。',2286,'http://sse.hust.edu.cn/xygk/xyjj.htm','http://sse.hust.edu.cn/dfiles/11349/hustsoft/images/comon/top_logo.png'),(13,'环境科学与工程学院 ','(+86)027-87792101',NULL,'中国·湖北省·武汉市珞瑜路1037号 华中科技大学东校区环境学院大楼','http://ese.hust.edu.cn/','华中科技大学环境科学与工程学院有环境工程、给排水科学与工程、建筑环境与能源应用工程3个本科专业；具有环境科学与工程一级学科博士学位授权点和博士后流动站，具有环境科学、环境工程、市政工程、供热供燃气通风及空调工程4个二级学科博士学位授权点。环境科学与工程一级学科是湖北省首批一级重点学科，包括2个省部级重点实验室（固废处理处置与资源化技术湖北省工程实验室、建设部给排水重点实验室）、1个省级教学示范中心（湖北省环境与建筑实验教学示范中心）和1个省级工程技术研究中心（湖北省水质安全与水污染控制工程中心）。华中科技大学环境科学与生态学为进入（Environment/Ecology）ESI全球前1%的优势学科。目前，全院教职工79人，其中青年千人2人，教育部新世纪人才2人，入选湖北省百人计划1人，教授22人、副教授25人，讲师13人。在校本科生700余人，硕士研究生270余人，博士研究生70余人。',2284,'http://ese.hust.edu.cn/xygk/xyjj.htm','http://ese.hust.edu.cn/dfiles/5968/statics/default/images/logo.jpg'),(14,'电子信息与通信学院','027-87542667','hustei@hust.edu.cn','中国·湖北省·武汉市珞瑜路1037号 华中科技大学东校区环境学院大楼','http://ei.hust.edu.cn/','电子信息与通信学院始建于1960年,创立之初为华中工学院无线电工程系，后改名为华中理工大学电子与信息工程系，2000年5月合校后为华中科技大学电子与信息工程系，2014年11月更为现名。电信学院教学科研实力雄厚，拥有二个一级学科（信息与通信工程、电子科学与技术）及相同名称的博士后科研流动站；全国首批获得博士点，拥有对应的通信与信息系统、信号与信息处理、电路与系统、电磁场与微波技术等博士、硕士学位授予权。“通信与信息系统”二级学科现为国家重点（培育）学科，“信息与通信工程”和“电子科学与技术”均为湖北省一级重点学科。\n\n师资力量雄厚。电信学院现有教职工158人，其中专任教师122人，含教授27人，副教授64人。先后聘请了中国科学院院士朱中梁、中国工程院院士钟山、赵梓森、美国爱荷华州立大学张可昭教授等一批国内外知名学者为电信学院兼职教授或顾问教授。\n\n教学水平突出。电信学院设有3个本科专业（通信工程、电子信息工程、电磁场与无线技术），其中“通信工程”专业是国家特色专业、湖北省品牌专业。《电子技术基础》、《电子线路设计与测试》、《通信电子线路》三门课程被评为国家精品课程和国家精品资源共享课，近年来连续三届获得国家教学成果二等奖。拥有国家电工电子实验教学示范中心（电子），电工电子教学团队被评为国家级教学团队。\n\n拔尖创新人才培养是电信学院办学的鲜明特色。学校开办多年的信息类数理提高班依托电信学院进行管理，2001年设立电工电子科技创新中心，2002年创建“基于导师制的本科人才孵化站”（Dian团队），2006年创办“基于项目的信息类专业教育实验班”，2010年电子信息工程专业首批获得国家卓越工程师培养试点专业，是本校拔尖创新人才培养示范区，入选首批国家质量工程人才培养模式创新实验区。学生在校期间有充分机会参与科技创新活动和各类国际级、国家级竞赛。近年来，电信学院本科生平均每年获得国际级、国家级科技竞赛奖项30余项，获批资助各级大学生创新创业训练项目20余个，有多名学子多次在国内外重大竞赛中荣获特等奖、一等奖。\n\n人才培养硕果累累。电信学院迄今已培养本科、硕士和博士15000余人，其中包括中国科学院朱中梁院士，中国工程院罗锡文院士，入选者、中国移动通信研究院院长黄晓庆，2010年和2014年胡润百富榜上榜者、武汉高德红外股份有限公司董事长黄立，金地集团董事长凌克，UT斯达康公司董事长卢鹰，“微信之父”、Foxmail创始人、腾讯公司高级副总裁张小龙，创办电子商务有限公司及电商导购平台“米折网”的张良伦（入选2013年福布斯“30位30岁以下创业者”名单）、柯尊尧和军队中多位将军等一大批国内外各领域的精英和骨干。\n\n国际联合办学和留学生培养在我校独树一帜。在国际联合办学方面，本院与英国伯明翰大学、美国亚利桑那州立大学、澳大利亚乌龙岗大学合作办有中英班、中美班、中澳班等，采用2+2、3+1等灵活的办学形式，双方联合培养，互认学分。在2012年全国一级学科评估中，“学生国际交流”指标评估为全国第一。同时，电信学院是学校第一个成建制招收全英语教学外国留学生班并完成本科培养的院系，包括本科、硕士、博士三个阶段，目前在校的本科及以上的留学生160多人。\n\n科研实力雄厚。在宽带无线通信网络技术、信息安全与防伪技术、图像图形与多媒体处理技术、空间导航与探测技术、辐射特性与电磁目标探测、互联网技术与工程等研究方向上具有鲜明特色。1996年，由电信学院和电子部54所共同研制的EIM—601大容量局用数字程控交换机获电子工业部科技进步特等奖。2008年以来，获省部级奖励10余项，包括省部级自然科学一等奖、技术发明一等奖和科技进步一等奖5项；在国外期刊及国际会议上发表大量高水平论文，其中被SCI收录200余篇、EI收录400余篇，在2012年全国一级学科评估中“代表性学术论文质量”指标评估为全国第一；获专利授权208项，同时参加了多项国家标准的规划与制定工作；科研经费2.29亿元，国家纵向项目经费占总经费比重超过70%。\n\n平台建设成效显著。电信学院现拥有国家防伪工程技术研究中心、国家电工电子实验教学示范中心（电子）、中国高校社会科学数据中心、湖北省智能互联网技术重点实验室、湖北省国际合作基地——绿色宽带无线通信国际科技合作基地；同时参与建设了下一代网络接入系统国家工程实验室、多谱信息处理技术国防科技重点实验室等多个国家级、省部级研究基地和教学实验中心。此外，与国内外一些著名企业合作建立了TI联合实验室、Xilinx联合实验室等基地与平台。还与美国、新加坡、澳大利亚、德国、香港等国家和地区的多所大学有稳定的合作关系。\n\n目前，电信学院正以发展为第一要务，以学科为龙头、基地是依托，培养和引进优秀人才，加强基础研究，扶持创新团队的方针，突出特色，整合资源，深入开展综合改革和科技创新，加强国内外交流与合作，全面持续推进电信学科跨越式发展。',2276,'http://ei.hust.edu.cn/xygk/jj.htm','http://ei.hust.edu.cn/images/logo.png'),(15,'建筑与城市规划学院','027-87556714',NULL,'湖北省武汉市洪山区珞喻路1037号','http://aup.hust.edu.cn/','华中科技大学建筑与城市规划学院由原华中理工大学建筑学院与原武汉城市建设学院规划建筑系于2000年5月合并而成；下设建筑学系、城市规划系、景观学系、设计学系、《新建筑》杂志社、图书分馆、模型制作中心、绿色建筑与城市实验教学中心（湖北省实验教学示范中心）、人居环境虚拟仿真实验教学中心，并以校办建筑设计研究院（甲级）、城市规划设计研究院（甲级）为学、研、产结合的平台。在2012年全国第三轮学科评估中，找院建筑学排名全国第9，城市规划排名全国第10，风景园林排名全国第15。\n\n建筑学科为湖北省重点学科，建筑学专业在1999年、2003年、2007年、2014年本科及硕士教学四次通过全国高等建筑学专业教育评估，并最终获得优秀级，具有国际认证的建筑学专业学位(BARCH 及MARCH)授予权。\n\n城乡规划学科为湖北省重点学科和建设部重点学科，城乡规划专业2000年、2006年、2012年三次以优秀成绩通过全国高等学校城乡规划专业教育评估。城乡规划专业被评价为2007年中国大学工学本科114个城乡规划专业中的3个A++级专业之一，2009年被评为湖北省品牌专业，2011年获批国家特色专业。\n\n设计学学科为湖北省重点学科，2009年获批艺术设计人才培养模式创新实验区。\n\n学院目前有全职教师112人，管理及教辅人员26人，在校本科生1200余人，全日制硕士研究生400余人，博士生约80人。\n\n学院拥有专业教学大楼和图书分馆，许多教师有国外留学经历，大部分教师具有博士学位，教学及科研成果丰硕，教师和学生多次获得国际、国内设计竞赛高级别的奖项。学院已与美、英、法、德、澳等国家的十余所相关院系建立了联合培养（双学位）、交流合作的机制。毕业生凭借扎实的专业基本功和综合素质深受用人单位的欢迎，许多学生毕业后在哈佛、剑桥等世界名校深造，大部分校友已成为国内外设计及研究机构的负责人、学术带头人和业务骨干。',2282,'http://aup.hust.edu.cn/xygk1/xygk.htm','http://aup.hust.edu.cn/js/logo1.png'),(16,'土木工程与力学学院','027-87542231','','湖北省武汉市洪山区珞喻路1037号','http://civil.hust.edu.cn/','华中科技大学土木工程与力学学院共有教职工180人，其中：中国工程院院士1人，美国工程院院士1人（华中鸟巢学者），国家教学名师1人，国家杰出青年科学基金获得者2人（A、B类各1人），长江学者特聘教授2人，长江学者讲座教授2人，优秀青年科学基金获得者2人，教育部新世纪优秀人才计划获得者5人，楚天学子5人，教授50人，副教授51人。拥有“控制结构湖北省重点实验室”和“工程结构分析与安全评定湖北省重点实验室”、 “建设部建筑工程隔震减震产品检测研究中心” 、 “土木工程质量检测中心”（一级资质），以及建设部批准的“全国监理工程师培训中心”。承办了《固体力学学报》中英文版，其中《固体力学学报》英文版是我国最早受SCI检索的学报之一；承办了《土木工程与管理学报》，该学报于2005年被国家新闻出版署评为我国权威期刊；承办了中国工程院主管的期刊《工程管理前沿》（英文），该期刊为中国工程院初创的11种期刊之一，已入选ESCI。拥有1个国家级优秀教学团队，1个国家特色专业，2门国家级精品资源共享课，4个国家级工程实践教育中心，2个省级实验教学示范中心，1个省级品牌专业，8门湖北省精品课程，省部级以上教学成果奖5项。',2283,'http://civil.hust.edu.cn/xygk3/xyjj.htm','http://civil.hust.edu.cn/dfiles/14558/templets/default/images/logo.jpg'),(17,'化学与化工学院','86-27-87543032',NULL,'武汉市洪山区珞喻路1037号华中科技大学化学楼','http://chem.hust.edu.cn/','华中科技大学化学与化工学院是在原华中科技大学化学系的基础上发展起来的。1953年，化学教研室与华中工学院同步建立，1981年原华中工学院化学教研室与物理教研室合并成立了理化系，1983年成立华中工学院化学系，设立应用化学本科专业，1993年经教育部批准设立精细化工本科专业（1999年变更为化学工程与工艺专业）。2006年11月成立华中科技大学化学与化工系',2266,'http://chem.hust.edu.cn/xygk/xyjj.htm','http://chem.hust.edu.cn/images/logo_l.png'),(18,'数学与统计学院','86-027-87543231','mathhust@mail.hust.edu.cn','湖北省武汉市洪山区珞喻路1037号','http://maths.hust.edu.cn/','华中科技大学数学与统计学院始建于1953年，经历了由数学教研室、数学系到数学与统计学院的发展历程。在老一辈数学家林少宫、徐利治、陈庆益、黄志远等的带领下，经过数学与统计学院几代人的艰苦努力，先后于1981年获得应用数学硕士点、1990年获得计算数学硕士点、1993年获得概率论与数理统计硕士点、1998年获得概率论与数理统计博士点。首个博士点的取得，使数学与统计学院的学科建设实现了一次质的飞跃。继而，1999年获得基础数学硕士点、2001年获得数学博士后流动站、2005年获得数学一级学科硕士点、2011年获得数学一级学科博士点，其涵盖了基础数学、计算数学、应用数学、概率论与数理统计和运筹学与控制论五个二级学科。在学科授权点建设的同时，数学与统计学院也先后建立了数学与应用数学、信息与计算科学、统计学三个本科专业。至此，数学与统计学院的学科建设已初具规模。学院现有在校学生668人，其中本科生439人、硕士生174人、博士生55人。',2264,'http://maths.hust.edu.cn/xygk/xyjj.htm','http://maths.hust.edu.cn/dfiles/14577/statics/emath/images/header_math.jpg'),(19,'公共管理学院','027-87543047',NULL,'湖北省武汉市洪山区珞喻路1037号','http://cpa.hust.edu.cn/','2000年建院并成为全国首批24个公共管理硕士（MPA）专业学位试点单位之一，2005年获得公共管理一级学科博士学位授予权，已在行政管理、土地资源管理、电子政务、非传统安全等二级学科培养硕士和博士研究生。拥有公共管理博士后科研流动站，2015年被人力资源和社会保障部、全国博士后管理委员会联合评估为全国优秀设站单位。',2292,'http://cpa.hust.edu.cn/xygk/xyjj.htm','http://cpa.hust.edu.cn/images/logo.png'),(20,'经济学院','027-87543151','jxysjyzxx@hust.edu.cn','湖北省武汉市洪山区珞喻路1037号经济学院','http://eco.hust.edu.cn/','在老一辈著名经济学家张培刚、林少宫等带领下，我院发展迅速，具有完整的学科体系、较强的师资队伍、较高的学术水平、浓厚的学术氛围、和谐的工作环境和一流的硬件设施，是学术研究和人才培养的理想园地。学院始终坚持严谨求实的教风学风，坚持学术研究和人才培养的国际化，努力在人才培养、科学研究和社会服务等方面达到国内领先，并向世界一流水平看齐。',2288,'http://eco.hust.edu.cn/xygk/xyjj.htm','http://eco.hust.edu.cn/images/logo.png'),(21,'管理学院','027－87542354','glxy@hust.edu.cn','湖北省武汉市洪山区珞喻路1037号','http://cm.hust.edu.cn/','华中科技大学管理学院组建于1979年，经历了由最初的工程经济系、管理工程系、经济管理学院、工商管理学院到管理学院的发展历程。',2287,'http://cm.hust.edu.cn/xygk/xyjj.htm','http://cm.hust.edu.cn/img/logo.png'),(22,'人文学院','027-87543253',NULL,'湖北省武汉市洪山区珞喻路1037号','http://humanity.hust.edu.cn/','华中科技大学文科教育始于1977年。40多年来，我校文科发展从无到有，由小到大，其历程不同寻常、意义深远。',2289,'http://humanity.hust.edu.cn/xygk/lsyg.htm','http://humanity.hust.edu.cn/images/logo.png'),(23,'新闻与信息传播学院','027-87543520',NULL,'湖北省武汉市洪山区珞喻路1037号','http://sjic.hust.edu.cn/','华中科技大学新闻与信息传播学院前身为创立于1983年的华中工学院新闻系，1998年成立新闻与信息传播学院。学院目前拥有新闻学、广播电视新闻、广告学、传播学、播音与主持艺术等五个本科专业，新闻学、传播学、广播电视与数字媒体、广告与媒介经济等四个学术硕士位点，新闻与传播、出版两个专业硕士学位点，新闻学、传播学、广播电视学、广告与公关等四个二级学科博士点和新闻传播学一级学科博士后流动站。\n\n学院以新闻传播学为基础，建设了面向国家重大需求的文科智库、国家传播战略研究院，设立了湖北省重点文科基地“媒介技术与传播发展研究中心”，与国际中华传播学会、密歇根州立大学等建立“双一流”国际合作高端平台。同时，新闻学、广播电视学被评为国家级特色专业和湖北省品牌专业。学院坚持“文理交叉见长，复合特色取胜”的宗旨，倡导学生在独特的文理交融氛围中全面发展，培养既有扎实人文社科功底又能掌握现代传播工具的复合型新闻与信息传播人才。\n\n学院现有专业教师41人，其中教授14人、副教授17人。拥有藏书丰富的资料室、设备功能齐全的演播厅、录音间、形体房和实验室（计算机与多媒体实验室、音像与影视制作实验室、网络传播实验室、舆情调查实验室）等。\n\n展望未来，新闻与信息传播学院将秉承明德厚学、求是创新的校训和秉中持正、求新博闻的院训，在师生的共同努力耕耘下，履行自己的责任，为国家和社会服务贡献自己的力量。\n\n',2297,'http://sjic.hust.edu.cn/xygk/xyjj.htm','http://sjic.hust.edu.cn/images/1cdca6ce1e4f4b9a.jpg'),(24,'马克思主义学院','027-87557893','politics@mail.hust.edu.cn','湖北省武汉市洪山区珞喻路1037号华中科技大学东七楼（二层）','http://politics.hust.edu.cn/','1953年建校伊始，学校即设有马列主义教研室；2000年合校后，组建了独立建制的政治教育系；2007年9月22日华中科技大学马克思主义学院正式成立，是湖北地区最早成立的马克思主义学院，是华中科技大学思想政治理论课教育教学的专门机构。经过十多年的建设和发展，学院在学科建设、科学研究、人才培养和社会服务等方面取得了长足的发展。',2293,'http://politics.hust.edu.cn/xzw/xyg_k/xyjj.htm','http://politics.hust.edu.cn/xzw/dfiles/33985/images/logo.jpg'),(25,'社会学院','027-87543152',NULL,'湖北省武汉市洪山区珞喻路1037号  华中科技大学东七楼社会学院','http://soci.hust.edu.cn/','　华中科技大学社会学系是我国社会学恢复、重建以后最早创办的社会学系之一。',2291,'http://soci.hust.edu.cn/yxgk/yxjj.htm','http://soci.hust.edu.cn/images/logo.png'),(26,'法学院','027-87543247','fxyxwzx@hust.edu.cn','湖北省武汉市洪山区珞喻路1037号','http://law.hust.edu.cn/','华中科技大学是列入国家985工程和211工程建设的教育部直属全国重点大学，是享誉海内外的著名学府。以六十年来取得的巨大教育成就和令人瞩目的进展被誉为“新中国高等教育的缩影”。在华中科技大学由十二个门类构成的学科体系之中，法学学科如朝阳出世，新锐勃发，伴随着当代中国法治化进程的步伐在较短的时间内实现了显著提升和快速发展。',2290,'http://law.hust.edu.cn/xygk/xyjj.htm','http://law.hust.edu.cn/dfiles/11343/wcs/tpl/home/default/images/logo.png'),(27,'外国语学院','87543239 ',NULL,'湖北省武汉市洪山区珞喻路1037号','http://sfl.hust.edu.cn/','华中科技大学外国语学院始建于1953年，经历了由俄文教研组、英语教研室、英语系到包括英语、日语、德语、翻译、法语等专业以及大学外语系多语种、多学科的发展历程。学院设有“中外语言文化比较研究”二级学科博士学位授权点，拥有外国语言文学一级学科硕士学位授权点，外国语言学及应用语言学、英语语言文学、日语语言文学和德语语言文学等四个二级学科硕士学位授权点以及翻译硕士专业学位授权点。“外国语言文学”为湖北省省级重点学科。',2294,'http://sfl.hust.edu.cn/info/1293/8063.htm','http://sfl.hust.edu.cn/dfiles/11344/images/logo.gif'),(28,'基础医学院','027-83692608','jcyxyweb@mails.tjmu.edu.cn','中国武汉航空路13号','http://jcyxy.tjmu.edu.cn/','基础医学院始于1907年，由同济医学院建院之初的解剖学馆、组织学馆、细菌学馆、生理学馆、生化学馆、药理学馆、寄生虫学馆、病理学馆等8个学馆发展而来。1955年成立基础医学部，1993年更名基础医学院。学科曾拥有李赋京、梁之彦、谢毓晋、杨述祖、姚永政等5位国家一级教授，杰出校友杨宝峰、周宏灏、侯云德、梁伯强、吴旻等当选中国两院院士（学部委员），武忠弼入选德国科学院院士。为国内创办人体寄生虫学、药理学、病理学、生物化学等学科奠基单位之一，在医学人才培养和教材编写方面引领国内医学发展。老一辈基础医学专家在血吸虫病、烧热病、低钾软病、西汉古尸研究等重大疾病或重大科学问题研究取得了辉煌的成就，解决了危及人民健康的重大社会问题。秉承优良传统，在几代基础人的艰苦奋斗下，基础医学院发展日新月异，欣欣向荣。2017年“基础医学”入选国家“双一流”建设学科，迎来快速发展的春天。\n\n学科门类齐全。学院现设有11个学系，博士后流动站4个，一级学科博士学位授予点4个，二级学科博士学位授予点12个，国家重点学科1个，国家重点培育学科2个，省一级重点学科2个。建设有国家基础医学实验教学示范中心1个、省部级重点实验室9个，脑研究所1个。面向医学生命科学前沿和人类健康重大需求，以脑科学、药理学与毒理学、分子生物与遗传学、免疫与肿瘤学、病毒与微生物学等五大重点发展方向为支撑，聚焦重大疾病研究，围绕拔尖创新医学人才培养核心任务，致力于建成国内顶尖，世界一流的学科。在上海软科学发布的2018年世界一流学科排行榜中，我校基础医学入围世界前200位，居国内第3位。本学科涵盖的神经科学与行为学、药理学与毒理学、免疫学、生物学与生物化学、分子生物学与遗传学等进入世界ESI学科前1%。形成了一支由40余位千人、长江、杰青、青千等组成的神经科学交叉团队，成为国际该领域一支重要研究力量。\n\n人才培养底蕴深厚。基础医学人才培养质量在国内具有传统优势，在前四轮学科评估中，人才培养质量均居全国前4以内。为我国医学教育教材建设做出重大贡献，据统计，在14门基础医学本科专业主干课程规划教材中，我院先后主编11门57本次。2018年主编人卫社临床五年制第九轮规划教材2门，副主编2门，担任编委8人；1人担任研究生国家规划教材评审委员会常务委员，6人担任委员，3人担任教材主审，主编第三版研究生国家规划教材4门，副主编1门。建设各类国家精品课程和双语教学示范课程17门，建成7门慕课课程，其中1门获批国家级慕课。拥有国家级教学团队2个，万人计划教学名师1人，国家教学名师2人。获国家教学成果二等奖3项，省教学成果一等奖3项。获全国百篇优博提名奖4篇、教育部博士学术新人奖2人、全国大学生挑战杯特等奖1项，在五届全国大学生基础医学创新论坛暨实验设计大赛中获一等奖15项，获奖总数居全国第一。国家级基础医学实验教学示范中心开启实体化运行模式。\n\n科研发展势头迅猛。近年来，本学科加大了人才引进力度，集聚了一批极具发展潜力和创新力的优秀人才，学院承接重大科研项目能力显著提升，高水平的成果呈现“井喷”之势，彻底改变了学院科研在国内处于相对落后的局面，人才效应逐渐显现。近五年来获批国家、省市级各类科研项目241项，累计合同经费1.7415亿元，特别是2016~2018连续三年实现三级跳，2016年科研合同经费首次突破3千万，2017年首次突破4千万，2018年首次突破5千万。2017年鲁友明教授和陈建国教授分别牵头获得两项国家自然科学基金委创新群体，实现学校医科创新群体零的突破。近五年承担国家自然科学基金重点项目、国际合作重点项目、国家重大研究计划项目等重点重大项目共20项，创历史新高。在重大项目的支撑下，高水平论文不断涌现。2018年，韩芸耘教授在Nature上发表第一作者论文，张冬雷教授在Science上发表第一作者论文，实现学院在CNS主刊上发表论文零的突破。近五年基础学者在Nature Neuroscience、Nature Biotechnology、Nature Medicine、Nature Cell Biology、Nature Communication、Circulation、Journal of Clinical of Investigation、Molecular Psychiatry、Blood等影响因子10分以上期刊（含PNAS）发表论文共35篇。“脑科学与类脑研究国家重点实验室”培育项目获武汉市政府支持，为建设国家重点实验室打下坚实基础。获国家自然科学二等奖1项，实现同济医学院国家自然科学奖项零的突破，获省部级科技奖励5项。\n\n师资队伍不断壮大。学院紧紧围绕重点发展方向，紧盯CNS论文作者，开展精准引才，重点引进具有较大发展潜力的青年才俊。坚持走出去、请进来，每年学院党政主要负责人均赴海外专程开展人才招聘。2018年举办基础医学院第一届海外东湖论坛（新奥尔良站），40名海外学子参会，现场签约16人；将“东湖论坛”常态化，每月有数位青年学者受邀来院面试讲学，每年平均30人左右。近五年，共引进教师46人，其中来自海外37人，占比79%。通过快速补充，师资队伍结构更加优化，在岗教师160余人，90%具有博士学位、77%具有海外留学经历、13%具有海外一流大学博士学位，居全国第1。人才培养取得新成效，2017年刘超红教授获国家自然科学基金优秀青年科学基金资助，2018年史岸冰教授获国家自然科学基金杰出青年基金资助，目前教师队伍中国家级海外高层次人才14人，973首席1人，长江学者7人，国家自然科学基金杰出青年基金获得者4人，教育部创新团队2个，国家自然科学基金优秀青年基金获得者2人，中组部青年拔尖人才1人，教育部新世纪支持计划15人，湖北省百人计划11人，湖北省楚天学者8人。2人入选爱斯维尔中国高被引学者。\n\n国际交流日趋频繁。与英国伯明翰大学签署合作协议，“一院一校”合作稳步推进，达成实施“3+1+1”双校园项目，选派本科生赴英国伯明翰大学攻读硕士学位，提升合作层次，扩大国际影响力。建设来华留学培养基地1个，培育中德、中美、中瑞、中加、中意等5个国际联合实验室。举办7场大型国际会议，20余位美、加院士出席。短期聘请了来自哈佛、耶鲁、宾夕法尼亚、多伦多等世界一流大学的35位学者，拓宽了国际视野，紧跟学术前沿。连续举办四届“国际神经疾病大会”，海内外院士及知名学者参会，提升国际知名度。建成全英文网站，为医学留学生开设全英文课程14门。国际交流活动日益频繁，平均每年接待海外来访80余人次，师生出国交流70余人次。\n\n\n\n党建工作全面推进。2015年，成立基础医学院党委和纪委。党的领导不断强化，党的建设不断完善。坚持“立德树人”，1人获全国师德标兵。2018年院党委获校“先进基层党组织”，2017、2018年连续两年获校“离退休工作先进集体”，2014-2018年连续五年获校“宣传思想文化工作先进单位”，2014、2018年获校“综合治理先进单位”，2014、2015、2018年获校“信访（维稳）工作先进单位”，2014-2018年连续五年获校“先进基层工会”。形成了“学在同济，严在基础”的良好风气，“春华秋实”成为靓丽名片。\n\n百余年来，一代一代基础人秉持“创新 严谨 求是 笃行”的实干精神，为祖国医药卫生事业的发展贡献智慧和力量。新时代，基础人将继续发扬“敢于竞争，善于转化”的华中大精神和“同舟共济、开拓创新”同济精神，以坐不住的紧迫感、等不起的责任感、慢不得的危机感顽强拼搏，砥砺奋进，矢志一流，为建设新时代卓越华中大，建成世界一流学科而努力奋斗！',2303,'http://jcyxy.tjmu.edu.cn/xygk/xyjj.htm','http://jcyxy.tjmu.edu.cn/images/botlogo.png'),(29,'药学院',NULL,NULL,'中国武汉航空路13号','http://pharm.tjmu.edu.cn/','学院始建于1971年，是中南地区创办最早的药学院。40多年来，药学院始终秉承“明德求真，弘药济世”的院训，遵循“瞄准一流，卯足干劲，敢于竞争，特色发展”的办院方略，奉行“创新、实践、人文、开放”的药学人才培养理念，现已成为高层次药学专门人才培养基地，为国家输送各类药学人才8000余人。',2305,'http://pharm.tjmu.edu.cn/xygk/xyjj.htm','http://pharm.tjmu.edu.cn/images/logo.png'),(30,'医药卫生管理学院','027-83692727',NULL,'中国武汉航空路13号','http://mms.tjmu.edu.cn/','华中科技大学同济医学院医药卫生管理学院成立于2001年4月。由原同济医科大学卫生管理干部培训中心（1981年）、医学信息学系（1988年）、卫生事业管理系（1993年）合并组建而成。',2306,'http://mms.tjmu.edu.cn/xygk/xyjj.htm','http://mms.tjmu.edu.cn/dfiles/11333/images/logo.jpg'),(31,'教育科学研究院','027-87541114','jky@hust.edu.cn','湖北省武汉市洪山区珞喻路1037号','http://jky.hust.edu.cn/','院的发展历史可追溯至我校1980年设立的高等教育研究室。在朱九思、涂又光、姚启和、蔡克勇、文辅相等老一辈学者带领下，学院在服务学校发展方面奠定了良好基础，并于1986年和1996年先后获批高等教育学硕士点和博士点。2000年始，以成立教育科学研究院为契机，以新建5100平方米教学办公大楼为基础，学院各项事业步入快速发展期。2003年获批教育经济与管理博士点，2007年获批高等教育学国家重点学科，2007年获准设立博士后科研流动站，2009年获批为首批教育博士试点单位，2011年获批为一级学科博士点。',2295,'http://jky.hust.edu.cn/xygk/xyjj.htm','http://jky.hust.edu.cn/images/index_02.jpg'),(32,'公共卫生学院','86-027-83692757','wut@mails.tjmu.edu.cn','中国武汉航空路13号','http://gwxy.tjmu.edu.cn/','同济公共卫生学院 的历史可溯源至上个世纪1907年宝隆博士创办上海德文医学堂时，即有由德国江哥斯博士讲授公共卫生学课程，后于1913年开设卫生学馆，其后虽迭经历史 变迁，卫生学馆仍以它顽强的生命力保存下来并发展着。1951年，全国高等学校院系调整，随医学院由上海内迁至武汉。1953年，正式招收卫生学专业本科 生暨建立卫生系，是全国最早成立的6个卫生系之一。1986年更名为同济医科大学公共卫生学院，2000年5月高校合并，华中科技大学组建，更名为华中科 技大学同济医学院公共卫生学院。',2304,'http://gwxy.tjmu.edu.cn/xygk.htm','http://gwxy.tjmu.edu.cn/dfiles/logo.png'),(33,'中欧清洁与可再生能源学院','027-87559714',NULL,'湖北省武汉市洪山区珞喻路1037号西五楼','http://icare.hust.edu.cn/','华中科技大学中欧清洁与可再生能源学院（简称：中欧能源学院或ICARE），是按照《中华人民共和国中外合作办学条例》成立的非营利性、非独立法人的中外合作高等教育机构，是中欧高级别人文交流对话机制启动后续计划的中欧高等教育合作平台的重要内容之一，是中欧政府在工程教育合作领域第一个重要合作项目，被教育部、外交部誉为中欧高等教育合作典范和旗舰项目。现有6个国家12所重点大学共同参与支持学院运作。学院于2012年3月获得中国教育部批准，正式启动办学活动，围绕清洁与可再生能源领域开展研究生3+0学历教育、非学历培训和科学研究。',2270,'http://icare.hust.edu.cn/xyjj/xyjj.htm','http://icare.hust.edu.cn/dfiles/14490/skin/cn/images/icare.jpg'),(34,'法医学系','027-83692642',NULL,'湖北省武汉市硚口区航空路13号','http://fayixi.tjmu.edu.cn/','  我校法医学专业创办于1924年，由德国人欧本•海姆主持的同济大学医学院病理学馆，是我国最早开展法医学鉴定的单位，开创了在中国应用现代医学的技术和理论进行法医学鉴定的先河。1955年开展法医学教学，为53级医学系及卫生系学生首次开设法医学课程；1958年成立法医学教学小组，对外举办了全国首期法医学进修班；1978年招收病理学专业方向毒理病理学硕士研究生；1980的成立法医学教研室，1985年建立法医学系，被确定为首批设置法医学专业招收法医学专业本科生，是我国最早招收法医学本科生的六所卫生部部属医学院校之一。1991年获博士学位授予点。2001年经湖北省司法厅批准，成立了中南地区第一家司法鉴定中心——“湖北同济法医学司法鉴定中心”，构建了法医学的实践教学和研究平台。2010年1月通过“国家级实验室认证认可”，是华中地区的权威法医学司法鉴定机构，形成以同济法医学系为辐射中心的法医学实践教学与协同科研的网络平台。2009年1月被湖北省司法厅授予“全省司法行政系统先进集体”；2009年12月被中华人民共和国司法部授予“全国司法鉴定先进集体”。',2307,'http://fayixi.tjmu.edu.cn/yxgk/fyxxjj.htm','http://fayixi.tjmu.edu.cn/images/logo.jpg'),(35,'体育部','027-87556274',NULL,'湖北省武汉市洪山区珞喻路1037号  华中科技大学东七楼社会学院','http://pe.hust.edu.cn/','华中科技大学体育学院是贯彻落实《学校体育工作条例》、《国家学生体质健康标准》和《全民健身计划》的职能部门，是承担学校体育教学、学生课外体育活动、组织校内外体育比赛等工作的基层单位。曾先后多次荣获体育先进学校（教育部）、全国群体先进单位（国家体育总局）等称号。',2296,'http://pe.hust.edu.cn/xygk.htm','http://pe.hust.edu.cn/js/logo1.png'),(36,'护理学院','','656971709@qq.com','中国•湖北省•武汉市航空路13号','http://huli.tjmu.edu.cn/','华中科技大学同济医学院护理学系于2001年4月5日正式成立，当时与附设卫生学校两块牌子、一套班子.在编全职职工52人。2008年6月，按照华中科技大学党委决议，护理学系与附设卫生学校完全分离，护理学系以突出全英语教学为主要特色，以培养具有较高层次的护理人才为目标。\n\n　　护理学系借鉴国内外护理教育的先进办学经验，积极推进学科建设，逐步实施了课程体系、教学内容、教学方法与手段的全面改革。经过多年的探索和实践，已形成专科、本科、硕士、博士研究生教育三个层次，普通教育和成人教育两种类型的综合性护理教育体系。我系本科教育现设有五年制英语护理和四年制普通护理专业，英护班是大学的重点涉外专业，是全国第一家实行全英语教学的护理专业，也是本系办学一大特色。学生进校后，第一年强化英语训练，提高学生读、说、听、写的能力；第二至五年的医学基础课，专业课和临床实习课全部用英语教学，使学生毕业后既具有较高的英语水平，又具有扎实的专业基础理论和操作技能，既适应在高等学校和省级大医院工作，又能与国际接轨，成为具有国际现代护理竞争能力和综合素质的专门人才。继续教育开展业余护理大专和专升本的学历教育及非学历性质的护理人员的理论、业务知识培训。积极鼓励教师开展教学改革和科学研究工作，近六年先后承担了省部级、校级科研课题近20项，目前在研课题10余项；科研成果获得省级二等奖。\n\n　　近几年来，我系关注学科的发展动向，充实完善护理学科建设规划，凝练学科方向为护理教育、社区护理和精神科护理；以社区护理研究为学科特色方向，构建了5个社区护理培训中心。现已建有基础护理、内科护理、外科护理、妇产科与儿科护理，急救护理等现代化的实验室，形体训练室及自学中心，配备了先进的护理教学模型和设备，形成了具有“整体化、多功能、开放式、数字化”特点的护理专业技能实训中心。\n\n　　与时俱进、开拓创新、走国际化办学之路，我系积极加强对外联系，多渠道、多形式、多层次地联合办学，先后与澳大利亚西悉尼大学、悉尼科技大学、维多利亚大学、新西兰基督城理工大学、香港理工大学等多所大学进行交流与合作。与澳大利亚西悉尼大学、悉尼科技大学、香港理工大学等正式签署联合办学协议，在教学、科研，师资培养，学生实习和交流方面进行全面合作，为学生的继续深造和就业创造了良好的条件。2004年至今已先后选送了5批教师和学生到新西兰、澳大利亚进行交流和学习。',2308,'http://huli.tjmu.edu.cn/info/1003/1360.htm','http://huli.tjmu.edu.cn/images/l4s2.jpg'),(37,'武汉光电国家研究中心','+86-27-87792516','wnlo@mail.hust.edu.cn','湖北省武汉市洪山区珞喻路1037号  华中科技大学东七楼社会学院','http://wnlo.hust.edu.cn/','光电子产业是武汉市及湖北省具有学术资源优势、产业集聚优势和人才培养优势的支柱性产业。“光电子技术湖北省协同创新中心”(以下简称“中心”)以华中科技大学国家试点学院为人才培养平台，以武汉光电国家实验室为基础性和探索性前沿技术研究平台，以湖北汽车工业学院和湖北文理学院为学科辐射和特色方向培育平台，以激光加工国家工程研究中心和下一代互联网接入系统国家工程实验室为重大应用技术研究和开发平台，以武汉光电工业技术研究院为成果转化平台，依托激光、接入网、物联网、数字家庭等行业协会，联合华工科技、烽火科技、长飞光纤等骨干企业协同攻关，支持东湖国家自主创新示范区的可持续发展。',2279,'http://wnlo.hust.edu.cn/xtcx/gdzjshbsxtcxzx/zxgk.htm','http://wnlo.hust.edu.cn/dfiles/6411/tpl/www/images/logo.jpg'),(38,'生殖健康研究所','00-86-27-83692651',NULL,'湖北省武汉市硚口区航空路13号','http://irh.hust.edu.cn/','华中科技大学同济医学院生殖健康研究所的前身是1964年5月18日成立的武汉医学院第一研究室。1979年3月17日，卫生部批准成立武汉医学院计划生育研究所。研究所现有专业技术人员25人，其中双聘院士1人，教授8人，副教授6人，讲师3人，高级工程师3人。设有3个研究室、1个转化中心和1所具备全部辅助生殖技术资质的生殖专科医院。研究所是原卫生部批准的我国第一家生殖医学中心，是妇产疾病国家临床医学研究中心成员单位；设有国家发改委批准的避孕节育新技术国家-地方联合工程实验室，教育部生殖健康教学平台，卫生部批准的湖北省人类精子库，国家食品药品监督管理局批准的“生殖健康与不孕症”药物临床研究机构；有湖北省人口和计划生育委员会与华中科技大学共建的湖北省人口和计划生育科研所；有湖北省科技厅批准的湖北省男性不育临床研究中心，湖北省发改委批准的避孕节育湖北省工程实验室，武汉市科技局批准的武汉市避孕节育工程技术研究中心。',2312,'http://irh.hust.edu.cn/yjsgk/yjsjj.htm','http://irh.hust.edu.cn/images/logo.png'),(39,'国家脉冲强磁场科学中心（筹）','027-87792333','phmff@mail.hust.edu.cn','湖北省武汉市洪山区珞喻路1037号华中科技大学东校区','http://whmfc.hust.edu.cn/','国家脉冲强磁场科学中心（筹）正式成立于2011年3月28日，其前身为脉冲强磁场教育部重点实验室，主要从事脉冲强磁场技术研究和强磁场环境下的基础科学研究，承担着脉冲强磁场实验装置国家重大科技基础设施的建设及开放运行任务。',2302,'http://whmfc.hust.edu.cn/zxgk/zxjj.htm','http://whmfc.hust.edu.cn/images/logo.png'),(40,'同济医学院第一临床学院','','hust1st@qq.com','同济医学院第一临床学院','http://www.hust1st.com/','目前，协和医院由本部、肿瘤医院、西院及在建的国际医院组成，现有编制床位5800张。2015年，服务门诊病人471.3万人次，救治住院病友18.6万人，为10.3万人进行了手术治疗，各项医疗指标居国内前列。心脏移植102例创国内记录。专家荟萃，人才济济。7000余名职工中，正高228名，副高340名，博士生导师189名；宝钢基金全国优秀教师奖4名，省教学名师2名；享受国务院政府津贴专家95名，973项目首席科学家1名，双聘院士5名，教育部“长江学者”3名，卫生部有突出贡献中青年专家10名，国家杰出青年基金获得者6名，教育部新世纪优秀人才11名；《柳叶刀》（The Lancet）等国际知名杂志编委3名。',2309,'http://www.hust1st.com/h-col-110.html','http://10306682.s21i.faiusr.com/2/ABUIABACGAAgx5uQvAUoiLCz0QQwkAQ43QM.jpg'),(41,'工程科学学院','86-27-87792225','hpses@mail.hust.edu.cn','湖北省武汉市洪山区珞喻路1037号，华中科技大学武汉光电国家研究中心工程科学学院（D区301）','http://ses.hust.edu.cn/','工程科学学院（SES）依托武汉光电国家实验室建设（全国共六家国家实验室），实施小班精英化教育，致力于将一流的学科、师资、课程、科研和国际交流平台、优质生源、优良传统等优势资源转化为本科人才培养优势，培养具有多学科视野、扎实的科学和工程基础知识、国际竞争力和领导能力的创新拔尖人才，打造国际化教学示范区。',2280,'http://ses.hust.edu.cn/xygk.htm','http://ses.hust.edu.cn/dfiles/11363/tpl/www/images/logo.png'),(42,'航空航天学院',NULL,NULL,'湖北省武汉市洪山区珞喻路1037号华中科技大学东七楼（二层）','http://ae.hust.edu.cn/','华中科技大学航空航天学院发展始于上世纪60年代，朱九思老校长高瞻远瞩，布局航空航天学科，开始培养人才。此后，华中科技大学依托强大的工程学科与理学学科开展了相关学科建设。2009年，学校成立“航空航天研究中心”；2011年，学校成立“航空发动机和燃气轮机研究院”，并设立航空航天系；2015年，学校正式成立航空航天学院，这是湖北地区首个航空航天学院；2016年，教育部正式批准华中科技大学设置“飞行器设计与工程”专业。',2271,'http://ae.hust.edu.cn/xxgk/xyjj.htm','http://ae.hust.edu.cn/images/1.png'),(43,'创新研究院','027-87793879','cxyjy@hust.edu.cn','湖北省武汉市珞瑜路1037号华中科技大学东校区恩明楼创新研究院','http://ii.hust.edu.cn/','华中科技大学于2007年12月启动创新研究院建设，是我校组织多学科交叉研究团队，开展交叉研究、培养优秀博士生、促进科技成果转化而探索设立的科技特区，是直属学校的高层次创新人才培养、高水平科学研究和高效益科技成果转化机构，是学校推进学科交叉融合、培养优秀拔尖创新人才的重大举措。\n    创新研究院通过开展以学科交叉的项目研究为驱动的研究生教育，将优秀的导师、优秀的研究资源配置到优秀研究生（主要是博士生）的培养中，促进多学科研究合作及与业界的科技合作，营造多学科交叉的创新环境、教育环境，探索优秀研究生培养的新模式，努力培养一批学术视野宽广、综合能力强、富有创新创业精神的优秀拔尖科技人才。',2299,'http://ii.hust.edu.cn/info/1002/1001.htm','http://ii.hust.edu.cn/dfiles/9899/bootstrap-3.3.5/docs/assets/img/top.png'),(44,'实验动物中心','027-83692751',NULL,'湖北省武汉市硚口区航空路13号','http://dwzx.tjmu.edu.cn/','实验动物中心是华中科技大学医药学、生命科学研究的重要公共服务平台，行政管理归口协和医院科研处，是集标准化实验动物生产繁殖供应、动物实验条件支撑、实验动物学教学、实验动物质量检测、动物实验科学研究和技术服务为一体的综合性实验动物机构，是中南地区最大的实验动物工作单位之一，是华中科技大学实验动物伦理委员会办公室挂靠单位，具有湖北省科技厅颁发的《实验动物生产许可证》SCXK（鄂）2016-0009和《实验动物使用许可证》SYXK（鄂）2016-0057。',2313,'http://dwzx.tjmu.edu.cn/zxjj/zxjj1.htm','http://dwzx.tjmu.edu.cn/images/logo.gif'),(45,'研究生院','87542152','yzxx@hust.edu.cn','湖北省武汉市洪山区珞喻路1037号华中科技大学东校区','http://gs.hust.edu.cn/','华中科技大学是国家“211工程”、“985工程”重点建设的大学，1981年获得博士、硕士学位授予权。',2298,'http://gs.hust.edu.cn/yjsygk.htm','http://gs.hust.edu.cn/dfiles/9917/content/images/logo.jpg'),(46,'物理学院','86-027-87543881','physteaching@hust.edu.cn','湖北省武汉市洪山区珞喻路1037号','http://phys.hust.edu.cn/','华中科技大学物理学院的发展秉承“筚路蓝缕，以启山林”的楚文化传统，发扬“敢为人先，追求卓越”的武汉精神。从1983年原华中工学院的物理教研室建系起步，2008年成立物理学院。多年来，学院着眼于“别人做不了/短期做不好/个人做不到”的方向精心布局、耐心积累，全体教职工发扬\"探物穷理创新，自信自强争先\"的精神，埋头苦干，艰苦创业。学院现已发展成为学科布局结构合理、研究方向特色鲜明、在国内外具有一定影响的物理学院，物理学科在2017年教育部学科评估中被评为A-，并列全国第7名，并被华中科技大学列为双一流建设重点发展学科。2014年以来，学科逐步驶入发展的快车道，引进了包括16位青年千人在内的50多位青年教师，获批国家自然科学基金148项（含重点项目5项，重大仪器研制项目3项），2017年度到校纵向经费突破2.5亿元。5年来，在物理学主流期刊发表论文800余篇，其中高水平论文70余篇，包括Science 2篇、Nature 1篇、Nature Comm. 9篇，Phys. Rev. Lett. 26篇，牵头建设“精密重力测量国家重大科技基础设施”，学科实力稳步迈向一流目标。',2265,'http://phys.hust.edu.cn/xygk/xyjj.htm','http://phys.hust.edu.cn/images/logo.png');
/*!40000 ALTER TABLE `college` ENABLE KEYS */;
UNLOCK TABLES;

--
-- Table structure for table `dynamic`
--

DROP TABLE IF EXISTS `dynamic`;
/*!40101 SET @saved_cs_client     = @@character_set_client */;
/*!40101 SET character_set_client = utf8 */;
CREATE TABLE `dynamic` (
  `id` int(11) NOT NULL AUTO_INCREMENT,
  `title` text,
  `link` text,
  PRIMARY KEY (`id`)
) ENGINE=InnoDB DEFAULT CHARSET=latin1 COMMENT='动态表';
/*!40101 SET character_set_client = @saved_cs_client */;

--
-- Dumping data for table `dynamic`
--

LOCK TABLES `dynamic` WRITE;
/*!40000 ALTER TABLE `dynamic` DISABLE KEYS */;
/*!40000 ALTER TABLE `dynamic` ENABLE KEYS */;
UNLOCK TABLES;

--
-- Table structure for table `lab`
--

DROP TABLE IF EXISTS `lab`;
/*!40101 SET @saved_cs_client     = @@character_set_client */;
/*!40101 SET character_set_client = utf8 */;
CREATE TABLE `lab` (
  `id` int(11) NOT NULL AUTO_INCREMENT,
  `name` varchar(1024) DEFAULT NULL,
  `college_id` int(11) DEFAULT NULL,
  `college_name` varchar(1024) DEFAULT NULL,
  `phone` varchar(128) CHARACTER SET latin1 DEFAULT NULL,
  `email` varchar(256) CHARACTER SET latin1 DEFAULT NULL,
  `address` text,
  `introduction` text,
  `img` text,
  `website` text,
  `introduction_link` text,
  `result_link` text,
  PRIMARY KEY (`id`)
) ENGINE=InnoDB AUTO_INCREMENT=134 DEFAULT CHARSET=utf8;
/*!40101 SET character_set_client = @saved_cs_client */;

--
-- Dumping data for table `lab`
--

LOCK TABLES `lab` WRITE;
/*!40000 ALTER TABLE `lab` DISABLE KEYS */;
INSERT INTO `lab` VALUES (4,'先进材料设计实验室门户网站',6,'材料科学与工程学院',NULL,'lab.amd@gmail.com',NULL,'先进材料设计课题组的最大特色是跨学科的科研体系以及理论模拟与实验的有机结合。课题组的研究方向主要包括微纳制造、跨尺度的理论模拟、催化剂的可控制备技术、功能梯度材料的3D打印及设备开发等。目前课题组承担和参与国家自然科学基金、国家重大科学研究计划青年科学家专题、教育部创新团队、湖北省杰出青年、国家重点实验室自主项目、国际企业技术开发合作等项目。\n\n课题组目前共有教师3名，博士生和硕士生数十名，已经形成了一支活力蓬勃、奋发向上的年青队伍，欢迎有机械制造、机械电子、物理、材料、计算机及学科交叉背景的同学踊跃加入！欢迎来函 lab.amd@gmail.com询问。课题组的研究方向主要包括微纳制造、跨尺度的理论模拟、催化剂的可控制备技术、功能梯度材料的3D打印及设备开发等。目前课题组承担和参与国家自然科学基金、国家重大科学研究计划青年科学家专题、教育部创新团队、湖北省杰出青年、国家重点实验室自主项目、国际企业技术开发合作等项目。','http://lamd.hust.edu.cn/images/logo.png','lamd.hust.edu.cn','http://lamd.hust.edu.cn/','http://lamd.hust.edu.cn/yjcg.htm'),(5,'量子纳米材料与器件实验室',6,'材料科学与工程学院',NULL,NULL,NULL,'',NULL,'qnd.mat.hust.edu.cn',NULL,NULL),(6,'精密塑性成形研究室主页',6,'材料科学与工程学院',NULL,NULL,NULL,NULL,NULL,'ppf-mat.hust.edu.cn',NULL,NULL),(7,'华中科技大学高分子材料成形实验室',6,'材料科学与工程学院',NULL,NULL,NULL,NULL,NULL,'hscae.mat.hust.edu.cn',NULL,NULL),(8,'华中科技大学材料与工程学院介观功能与器件实验室门户网站',6,'材料科学与工程学院',NULL,NULL,NULL,NULL,NULL,'zml.mat.hust.edu.cn',NULL,NULL),(9,'华中科技大学材料科学与工程学院英文门户网站',6,'材料科学与工程学院',NULL,NULL,NULL,NULL,NULL,'english.mat.hust.edu.cn',NULL,NULL),(10,'华中科技大学材料科学与工程学院碳材料研究中心门户网站',6,'材料科学与工程学院',NULL,NULL,NULL,NULL,NULL,'carbon.mat.hust.edu.cn',NULL,NULL),(11,'华中科技大学材料科学与工程学院精材料成形与模具技术国家重点实验室门户网站',6,'材料科学与工程学院',NULL,NULL,NULL,NULL,NULL,'matproc.hust.edu.cn',NULL,NULL),(12,'非晶态材料研究组',6,'材料科学与工程学院',NULL,NULL,NULL,NULL,NULL,'bmg.mat.hust.edu.cn',NULL,NULL),(13,'动力与储能电池实验室',6,'材料科学与工程学院',NULL,NULL,NULL,NULL,NULL,'sysdoing.mat.hust.edu.cn',NULL,NULL),(14,'电化学与功能材料实验室',6,'材料科学与工程学院',NULL,NULL,NULL,NULL,NULL,'echem.mat.hust.edu.cn',NULL,NULL),(15,'材料学院电化学储能新技术实验室门户网站',6,'材料科学与工程学院',NULL,NULL,NULL,NULL,NULL,'aees.mat.hust.edu.cn',NULL,NULL),(16,'板料冲压成形与模具技术课题组',6,'材料科学与工程学院',NULL,NULL,NULL,NULL,NULL,'sheetforming.mat.hust.edu.cn',NULL,NULL),(17,'焊接与增材成形仿真研究组',6,'材料科学与工程学院',NULL,NULL,NULL,NULL,NULL,'cwamd.mat.hust.edu.cn',NULL,NULL),(18,'华中科技大学船舶与海洋工程学院307实验室',7,'船舶与海洋工程学院',NULL,NULL,NULL,NULL,NULL,'307.ch.hust.edu.cn',NULL,NULL),(19,'先进电工材料与器件研究中心',5,'电气与电子工程学院',NULL,NULL,NULL,NULL,NULL,'aemd.seee.hust.edu.cn',NULL,NULL),(20,'强电磁工程与新技术国家重点实验室网站',5,'电气与电子工程学院',NULL,NULL,NULL,NULL,NULL,'aeet.hust.edu.cn',NULL,NULL),(21,'能量转换系统研究组',5,'电气与电子工程学院',NULL,NULL,NULL,NULL,NULL,'machinececs.seee.hust.edu.cn',NULL,NULL),(22,'聚变与等离子体研究所官方主页',5,'电气与电子工程学院',NULL,NULL,NULL,NULL,NULL,'ifpr.hust.edu.cn',NULL,NULL),(23,'华中科技大学电气与电子工程学院智能电网运行与控制课题组门户网站',5,'电气与电子工程学院',NULL,NULL,NULL,NULL,NULL,'sgo.hust.edu.cn',NULL,NULL),(24,'华中科技大学电气与电子工程学院门户网站',5,'电气与电子工程学院',NULL,NULL,NULL,NULL,NULL,'seee.hust.edu.cn\r\nceee.hust.edu.cn',NULL,NULL),(25,'华中科技大学电能存储与转换研究课题组',5,'电气与电子工程学院',NULL,NULL,NULL,NULL,NULL,'rest.seee.hust.edu.cn',NULL,NULL),(26,'华中科大学电气与电子工程学院半导体电力系统研究中心门户网站',5,'电气与电子工程学院',NULL,NULL,NULL,NULL,NULL,'csps.seee.hust.edu.cn',NULL,NULL),(27,'国家脉冲强磁场科学中心（筹）门户网站',5,'电气与电子工程学院',NULL,NULL,NULL,NULL,NULL,'whmfc.hust.edu.cn',NULL,NULL),(28,'低温等离子体实验室',5,'电气与电子工程学院',NULL,NULL,NULL,NULL,NULL,'plasma.seee.hust.edu.cn',NULL,NULL),(29,'创新电机技术研究中心门户网站',5,'电气与电子工程学院',NULL,NULL,NULL,NULL,NULL,'caemd.seee.hust.edu.cn',NULL,NULL),(30,'华中科技大学国家防伪工程技术研究中心门户网站',14,'电子信息与通信学院',NULL,NULL,NULL,NULL,NULL,'nacerc.hust.edu.cn',NULL,NULL),(31,'华中科技大学电子与信息工程学院智能互联网技术湖北省重点实验室门户网站',14,'电子信息与通信学院',NULL,NULL,NULL,NULL,NULL,'itec.hust.edu.cn',NULL,NULL),(32,'华中科技大学电子信息与通信学院数据科学与计算机视觉实验室门户网站',14,'电子信息与通信学院',NULL,NULL,NULL,NULL,NULL,'dscv.eic.hust.edu.cn\nbmal.hust.edu.cn',NULL,NULL),(33,'华中科技大学电子信息与通信学院门户网站',14,'电子信息与通信学院',NULL,NULL,NULL,NULL,NULL,'eic.hust.edu.cn\r\nei.hust.edu.cn',NULL,NULL),(34,'华中科技大学 企业商务智能工程研究所',21,'管理学院',NULL,NULL,NULL,NULL,NULL,'ebie.cm.hust.edu.cn',NULL,NULL),(35,'智能软材料与器件实验室',10,'光学与电子信息学院',NULL,NULL,NULL,NULL,NULL,'isoftmat.oei.hust.edu.cn',NULL,NULL),(36,'智能电子学研究所',10,'光学与电子信息学院',NULL,NULL,NULL,NULL,NULL,'iei.oei.hust.edu.cn',NULL,NULL),(37,'有机电子实验室',10,'光学与电子信息学院',NULL,NULL,NULL,NULL,NULL,'flexbatt.oei.hust.edu.cn',NULL,NULL),(38,'信息存储材料与器件研究所',10,'光学与电子信息学院',NULL,NULL,NULL,NULL,NULL,'ismd.hust.edu.cn',NULL,NULL),(39,'先进功能纤维团队',10,'光学与电子信息学院',NULL,NULL,NULL,NULL,NULL,'fibers.oei.hust.edu.cn',NULL,NULL),(40,'先进功能材料与器件实验室',10,'光学与电子信息学院',NULL,NULL,NULL,NULL,NULL,'afmd.oei.hust.edu.cn',NULL,NULL),(41,'微纳结构光纤传感课题组',10,'光学与电子信息学院',NULL,NULL,NULL,NULL,NULL,'mnofs.oei.hust.edu.cn',NULL,NULL),(42,'生物光子学与微流控技术课题组',10,'光学与电子信息学院',NULL,NULL,NULL,NULL,NULL,'bioimaging.oei.hust.edu.cn',NULL,NULL),(43,'激光加工国家工程研究中心',10,'光学与电子信息学院',NULL,NULL,NULL,NULL,NULL,'laser.hust.edu.cn',NULL,NULL),(44,'华中科技大学现代应用/天文光学实验室-马冬林课题组',10,'光学与电子信息学院',NULL,NULL,NULL,NULL,NULL,'mao.oei.hust.edu.cn',NULL,NULL),(45,'华中科技大学微电子学院门户网站',10,'光学与电子信息学院',NULL,NULL,NULL,NULL,NULL,'ime.hust.edu.cn',NULL,NULL),(46,'华中科技大学纳米光子学实验室',10,'光学与电子信息学院',NULL,NULL,NULL,NULL,NULL,'nanophotonics.oei.hust.edu.cn',NULL,NULL),(47,'华中科技大学光学与电子信息学院下一代互联网接入系统国家工程实验室门户网站',10,'光学与电子信息学院',NULL,NULL,NULL,NULL,NULL,'ngia.hust.edu.cn',NULL,NULL),(48,'华中科技大学光学与电子信息学院门户网站',10,'光学与电子信息学院',NULL,NULL,NULL,NULL,NULL,'oei.hust.edu.cn',NULL,NULL),(49,'华中科技大学光学与电子信息学院刘欢课题组',10,'光学与电子信息学院',NULL,NULL,NULL,NULL,NULL,'sensing.oei.hust.edu.cn',NULL,NULL),(50,'华中科技大学光学与电子信息学院超大规模集成电路中心门户网站',10,'光学与电子信息学院',NULL,NULL,NULL,NULL,NULL,'icc.hust.edu.cn',NULL,NULL),(51,'光学与电子信息学院教育部敏感陶瓷工程技术中心',10,'光学与电子信息学院',NULL,NULL,NULL,NULL,NULL,'mgtc.hust.edu.cn',NULL,NULL),(52,'吴钰周教授课题组网站',17,'化学与化工学院',NULL,NULL,NULL,NULL,NULL,'bionano.chem.hust.edu.cn',NULL,NULL),(53,'生物无机化学与药物湖北省重点实验室',17,'化学与化工学院',NULL,NULL,NULL,NULL,NULL,'bcmm.hust.edu.cn',NULL,NULL),(54,'扫描探针与电化学',17,'化学与化工学院',NULL,NULL,NULL,NULL,NULL,'spmec.hust.edu.cn',NULL,NULL),(55,'能量转换与存储材料化学教育部重点实验室',17,'化学与化工学院',NULL,NULL,NULL,NULL,NULL,'mcecs.hust.edu.cn',NULL,NULL),(56,'纳米材料多相催化实验室',17,'化学与化工学院',NULL,NULL,NULL,NULL,NULL,'heterogencatal.chem.hust.edu.cn',NULL,NULL),(57,'聚合物有序结构材料研究组',17,'化学与化工学院',NULL,NULL,NULL,NULL,NULL,'posm.chem.hust.edu.cn',NULL,NULL),(58,'华中科技大学膜分离实验室',17,'化学与化工学院',NULL,NULL,NULL,NULL,NULL,'membrane.chem.hust.edu.cn',NULL,NULL),(59,'华中科技大学化学与化工学院先进电化学能源材料实验室门户网站',17,'化学与化工学院',NULL,NULL,NULL,NULL,NULL,'deli.chem.ust.edu.cn',NULL,NULL),(60,'华中科技大学化学与化工学院催化氧化及机理研究室门户网站',17,'化学与化工学院',NULL,NULL,NULL,NULL,NULL,'com.chem.hust.edu.cn',NULL,NULL),(61,'华中科技大学光化学与太阳能转化研究组',17,'化学与化工学院',NULL,NULL,NULL,NULL,NULL,'photochem.chem.hust.edu.cn',NULL,NULL),(62,'华中科技大学龚跃法教授课题组',17,'化学与化工学院',NULL,NULL,NULL,NULL,NULL,'orglab.chem.hust.edu.cn',NULL,NULL),(63,'甘泉课题组',17,'化学与化工学院',NULL,NULL,NULL,NULL,NULL,'gan.chem.hust.edu.cn',NULL,NULL),(64,'腐蚀电化学实验室',17,'化学与化工学院',NULL,NULL,NULL,NULL,NULL,'richdong.chem.hust.edu.cn',NULL,NULL),(65,'电催化材料设计与表界面化学实验室',17,'化学与化工学院',NULL,NULL,NULL,NULL,NULL,'suncat.chem.hust.edu.cn',NULL,NULL),(66,'环境应用功能高分子课题组',17,'化学与化工学院',NULL,NULL,NULL,NULL,NULL,'zhaoqpolymer.chem.hust.edu.cn',NULL,NULL),(67,'The Zhong Fangrui Research Group at HUST',17,'化学与化工学院',NULL,NULL,NULL,NULL,NULL,'orgsyn.chem.hust.edu.cn',NULL,NULL),(68,'华中科技大学环境科学与工程学院废水处理、固废资源化及储能功能材料实验室门户网站',13,'环境科学与工程学院',NULL,NULL,NULL,NULL,NULL,'funmat.ese.hust.edu.cn',NULL,NULL),(69,'华中科技大学环境科学与工程学院赤泥综合利用实验室门户网站',13,'环境科学与工程学院',NULL,NULL,NULL,NULL,NULL,'www.redmud.hust.edu.cn',NULL,NULL),(70,'纳米光学测量研究组',1,'机械科学与工程学院',NULL,NULL,NULL,NULL,NULL,'nom.mse.hust.edu.cn',NULL,NULL),(71,'机械学院智能精密制造实验室门户网站',1,'机械科学与工程学院',NULL,NULL,NULL,NULL,NULL,'ipml.mse.hust.edu.cn',NULL,NULL),(72,'华中科技大学先进制造与智能实验室',1,'机械科学与工程学院',NULL,NULL,NULL,NULL,NULL,'ami.mse.hust.edu.cn',NULL,NULL),(73,'华中科技大学机械科学与工程学院智能制造装备与数控加工实验室门户网站',1,'机械科学与工程学院',NULL,NULL,NULL,NULL,NULL,'imnc.mse.hust.edu.cn',NULL,NULL),(74,'华中科技大学机械科学与工程学院先进纳米制造实验室门户网站',1,'机械科学与工程学院',NULL,NULL,NULL,NULL,NULL,'anml.hust.edu.cn',NULL,NULL),(75,'华中科技大学机械科学与工程学院数字制造装备与技术国家重点实验室门户网站',1,'机械科学与工程学院',NULL,NULL,NULL,NULL,NULL,'dmet.hust.edu.cn',NULL,NULL),(76,'华中科技大学机械科学与工程学院数字化智能化制造技术与应用协同创新中心门户网站',1,'机械科学与工程学院',NULL,NULL,NULL,NULL,NULL,'dim2011.hust.edu.cn',NULL,NULL),(77,'华中科技大学机械科学与工程学院国家数控系统工程技术研究中心网站',1,'机械科学与工程学院',NULL,NULL,NULL,NULL,NULL,'nerc.hust.edu.cn',NULL,NULL),(78,'华中科技大学机械科学与工程学院高效金属-氧化物符合催化剂的理性设计与性能调控实验室门户网站',1,'机械科学与工程学院',NULL,NULL,NULL,NULL,NULL,'moc973.hust.edu.cn',NULL,NULL),(79,'智能与嵌入式计算实验室门户网站',2,'计算机科学与技术学院',NULL,'fuhao_zou@hust.edu.cn','华中科技大学-老保卫处101室','智能与嵌入式计算实验室依托“图像信息处理与智能控制教育部重点实验室”和计算机学院数字媒体研究所，主要从事人工智能与嵌入式计算理论研究，主要研究方向有深度学习、计算机视觉、监控视频大数据分析、高维数据索引和深度边缘计算（将深度学习算法移植到ARM+DSP、ARM+FPGA和ARM+GPU等嵌入式平台），知识图谱与自动问答。目前训练的深度人脸模型在国际公开人脸验证数据集LFW和人脸识别数据集Megaface上的准确性分别为99.48%和83.16%，处于国际一流水平。基于哈希技术构建的大规模索引已应用于大规模人脸检索，在亿级数据上可以达到毫秒级响应。获得湖北省科技进步一等奖1项、中国电子学会科技进步一等奖1项。在计算机顶级会议和学术期刊上发表高档次论文70余篇。','http://iec.cs.hust.edu.cn/dfiles/21613/image/titleimage.jpg','iec.cs.hust.edu.cn','http://iec.cs.hust.edu.cn/','http://iec.cs.hust.edu.cn/kycg/xslw.htm'),(80,'华中科技大学现代数据工程与实时计算实验室',2,'计算机科学与技术学院','027-87556601','adelab@163.com','湖北省武汉市洪山区珞瑜路1037号,华中科技大学南一楼西南501室','华中科技大学现代数据工程与实时计算（ADE）实验室成立于1994年，实验室主任李国徽教授。ADE实验室由一支年龄结构和知识结构合理，能团结协作的一支教师队伍组成。现有教授2名、副教授6名、讲师7名、博士后1名，全部具有博士或硕士学位。目前，ADE实验室已毕业博士研究生50余人，毕业硕士研究生200余人。ADE实验室现主要从事数据工程、软件工程、实时计算、人工智能与知识发现等方面的研究。实验室每年有稳定的国家项目和企业重大应用项目的支持，每年科研经费共计约500万元，在华中科技大学计算机学院所有课题组中名列前茅。实验室每年在国际顶级会议及期刊上发表研究成果，在国内国际有较好的学术影响。实验室致力于为学生创造良好的科研环境。\n\n实验室秉承“明德、厚学、求是、创新”的华科大精神，倡导“专心致志做事，自由自在做人”的原则，不断开拓进取，勇攀科学高峰，致力成为国内一流、国际知名的研发团队和人才培养基','http://ade.cs.hust.edu.cn/dfiles/16021/images/top.png','ade.cs.hust.edu.cn','http://ade.cs.hust.edu.cn/sysgk/sysjj.htm','http://ade.cs.hust.edu.cn/kycg/hjqk.htm'),(81,'华中科技大学认知计算与智能信息处理实验室',2,'计算机科学与技术学院','18827440253','weiw@hust.edu.cn','湖北省武汉市华中科技大学南一楼计算机学院','​华中科技大学“认知计算与智能信息处理实验室”依托于计算机学院，拥有自由开放的学术氛围和国际前沿研究方向。主要从事认知科学与智能信息处理的交叉研究，包括基于人工智能技术的自然语言处理与图像处理的理论与方法，算法设计与复杂性分析、形式化方法与具体应用研究等。实验室秉承“明德、厚学、求是、创新”的华科大精神，倡导“天行健，君子以自强不息；地势坤，君子以厚德载物”的原则，不断开拓进取，勇攀科学高峰，致力成为国际一流研发团队和人才培养基地，已发表国际高水平论文20余篇。实验室坚持开放与联合，参与承担了多项国家科研项目，并与多家企业达成项目合作。',NULL,'cciip.cs.hust.edu.cn','http://cciip.cs.hust.edu.cn/sysgk.htm','http://cciip.cs.hust.edu.cn/kycg.htm'),(82,'华中科技大学计算机科学与技术学院智能与分布计算实验室门户网站',2,'计算机科学与技术学院','027-87544285',NULL,'武汉市洪山区珞瑜路1037号 华中科技大学南一楼442室','华中科技大学智能与分布计算（IDC）实验室成立于1983年，其前身是华中科技大学计算机系软件工程与系统集成研究室，实验室主任李瑞轩教授，原华中科技大学计算机学院院长卢正鼎教授任实验室名誉主任。。\n\nIDC实验室隶属于华中科技大学计算机科学与技术学院并行分布式计算研究所，是服务计算技术与系统教育部重点实验室、湖北省大数据安全工程技术研究中心的重要组成部分。实验室依托学院的计算机科学与技术一级学科博士学位授予单位、计算机系统结构国家重点学科和计算机软件与理论湖北省重点学科，以集群与网格计算湖北省重点实验室、国家高性能计算中心（武汉）、信息存储国家专业实验室、华中科技大学IBM技术中心为后盾，拥有自由开放的学术氛围和国际前沿的研究方向，现主要从事分布计算与云计算、分布式系统安全、大数据管理与分析、智能信息处理与信息检索、数据挖掘与知识发现、社会网络分析等方面的研究。实验室拥有实力雄厚的师资力量、充满活力的科研梯队。现有教授2名、副教授2名、讲师1名、博士后2名，全部具有博士或硕士学位。目前，IDC实验室已毕业博士研究生50余人，其中4人获得湖北省优秀博士学位论文，毕业硕士研究生200余人，在读博士研究生9名、硕士研究生20余名。','http://idc.hust.edu.cn/dfiles/11303/images/idc24.jpg','idc.hust.edu.cn','http://idc.hust.edu.cn/sysgk/sysjj.htm','http://idc.hust.edu.cn/kycg/xslw/zylw.htm'),(83,'华中科技大学计算机科学与技术学院智慧计算与优化实验室门户网站',2,'计算机科学与技术学院','027-87543885','zhipeng.lv (at)  hust.edu.cn','武汉市华中科技大学南一楼612室','智慧计算与优化实验室隶属于华中科技大学计算机科学与技术学院。智慧计算也称为绿色计算，其本质在于，对实际应用中复杂的决策和优化问题，运用高效的优化与决策技术来提供有效的解决方案，用最小的时间和成本，实现最大的效用。实验室深信智慧（绿色）计算与优化是二十一世纪的核心技术，致力于深化运筹优化理论与方法的研究，推动优化技术在国民经济中的广泛应用。\n\n     在前任领导黄文奇教授的带领下，实验室做出了一系列具有国际影响力的工作，其中包括：1979年，在国际上首次提出了求解NP难度问题的拟物方法，为NP难度问题的现实求解指出了一条可行的途径；1987年，完美地解决了曾困惑国际学术界近20余年的Tseitin问题；1996年，在第三届“SAT问题的快速算法国际邀请赛”中荣获冠军；2008年，在第二届“国际时刻表调度竞赛”中荣获亚军；2010年，在第一届“国际护士排班竞赛”中荣获季军;2005年至2011年多次荣获“SAT问题的快速算法国际邀请赛”的冠军、亚军和季军，为多个困扰学术界和工业界的组合优化问题设计出了高性能的求解算法；公开的测试表明，这些算法的优度和效率在当时处于国际领先或先进水平。','http://smart.hust.edu.cn/images/logo.png','smart.hust.edu.cn','http://smart.hust.edu.cn/sysgk/sysjj.htm','http://smart.hust.edu.cn/yjcg/xslw.htm'),(84,'华中科技大学计算机科学与技术学院医学图像信息研究中心门户网站',2,'计算机科学与技术学院','027-87792212','esong@hust.edu.cn','湖北省武汉市洪山区珞喻路1037号','医学图像信息研究中心（CBIB）成立于2004年12月，隶属于华中科技大学计算机科学与技术学院，是一个以研究医学图像处理和分析技术为主的专业研究机构，致力于解决临床医学上的实际问题，为疾病诊断、治疗、健康保健等提供了基于图像的解决方案。CBIB与医学界有广泛的联系与合作，承担并且完成了包括国家自然科学基金项目、国家高新技术研究计划（863）项目、国际科技合作项目、国家科技支撑项目（子项）、教育部和广东省产学研科技合作项目、与华为、海康威视、联影医疗等著名企业合作的横向课题等二十余项，目前承担了国家自然科学基金资助项目和国家重点科技研究计划项目的科研课题。医学图像研究中心还是“图像信息处理与智能控制教育部重点实验室”的成员单位，与联影医疗科技建立了联合实验室。',NULL,'cbib.cs.hust.edu.cn','http://cbib.cs.hust.edu.cn/#about','http://cbib.cs.hust.edu.cn/#contact'),(85,'华中科技大学计算机科学与技术学院数字媒体处理与检索实验室门户网站',2,'计算机科学与技术学院','13871273335',NULL,'华中科技大学南一楼西部441','华中科技大学“智能媒体计算与网络安全实验室”依托计算机科学与技术学院计算机应用湖北省重点学科和网络空间安全一级学科、下一代互联网接入国家工程实验室、中国教育科研网华中地区网络中心和华中科技大学网络与计算中心，拥有开放自由的学术氛围和国际前沿的研究方向，目前主要的研究方向包括数字媒体处理与检索、视频情感计算、增强现实、网络安全与大数据处理、多核计算计算与流编译和教育信息化等。\n\n实验室拥有充满活力的研究队伍和良好的硬件环境，现有教授3人，副教授3人，高级工程师10余人，在读全日制博士、硕士研究生50余人。近五年来，实验室承担了国家重点研发计划、国家支撑计划、国家自然科学基金、国家863重点项目、湖北省杰出青年基金、武汉市青年科技晨光计划、博士点基金和和企业合作项目等50余项科研项目，在计算机学报、软件学报、计算机研究与发展、《计算机辅助设计与图形学学报》、《中国图形图像学报》、IEEE Transaction on Parallel and Distributed System、IEEE Computer Graphics and Application、IEEE Transaction on Multimedia、TCSVT、SENSORS、CGO、ICME等国内外权威期刊和重要国际会议上发表论文150 余篇，其中被SCI、EI权威索引论文100余篇次, 获得发明专利和软件著作权50余项，获得湖北省科技进步二等奖1项、日内瓦发明奖1项。\n\n实验室本着“明德厚学、求是创新”的华中大精神，坚持“踏实、严谨、开放、和谐”的学术理念，不断开拓进取，致力成为国内一流的智能媒体计算和网络空间安全的研究开发基地和人才培养基地。热忱欢迎有志于从事数字媒体处理与检索研究的学生和学者加入我们的研究团队，并希望与更多的国内外研究机构和企业进行交流和合作。','http://media.hust.edu.cn/images/logo.png','media.hust.edu.cn','http://media.hust.edu.cn/sysjj.htm','http://media.hust.edu.cn/xmcg.htm'),(86,'华中科技大学计算机科学与技术学院嵌入与普适计算实验室门户网站',2,'计算机科学与技术学院',NULL,NULL,'湖北省武汉市洪山区华中科技大学南一楼410','华中科技大学”嵌入与普适计算实验室”由国家计划特聘教授陈敏教授于2012年建立，依托于华中科技大学计算机科学与技术一级学科博士学位授予单位、计算机系统结构国家重点学科和计算机软件与理论湖北省重点学科， 拥有高水平的研究团队和自由开放的学术氛围，致力于最前沿的研究方向.陈敏教授团队现主要从事健康机器人软件平台的搭建、移动健康和医疗大数据、 物联网和传感网技术、数据命名网络（NDN）、未来互联网等领域的研究。实验室现有教授1名，副教授1名，博士后3名，全部拥有博士学位。目前在读全日制博士生3名，硕士研究生12名。',NULL,'http://epic.hust.edu.cn/sysgk/sysjj.htm','http://epic.hust.edu.cn/sysgk/sysjj.htm','http://epic.hust.edu.cn/kycg/xslwjzz.htm'),(87,'华中科技大学计算机科学与技术学院计算科学理论与应用研究所门户网站',2,'计算机科学与技术学院','027-87543885','zhipeng.lv (at)  hust.edu.cn','武汉市华中科技大学南一楼429室','计算科学理论与应用研究所隶属于华中科技大学计算机科学与技术学院，其前身为华中科技大学计算机科学理论研究所。研究所深信优化算法是二十一世纪的核心技术，致力于深化优化理论与方法的研究，推动优化技术在国民经济中的广泛应用。\n\n     在前任领导黄文奇教授的带领下，研究所做出了一系列具有国际影响力的工作，其中包括：1979年，在国际上首次提出了求解NP难度问题的拟物方法，为NP难度问题的现实求解指出了一条可行的途径；1987年，完美地解决了曾困惑国际学术界近20余年的Tseitin问题；1996年，在第三届“SAT问题的快速算法国际邀请赛”中荣获冠军；2008年，在第二届“国际时刻表调度竞赛”中荣获亚军；2010年，在第一届“国际护士排班竞赛”中荣获季军;2005年至2011年多次荣获“SAT问题的快速算法国际邀请赛”的冠军、亚军和季军，在第为多个困扰学术界和工业界的组合优化问题设计出了高性能的求解算法；公开的测试表明，这些算法的优度和效率在当时处于国际领先或先进水平。\n     在过去的近三十年里，研究所承担了多个国家级的科研项目，其中包括：国家“973”重点基础研究项目子项目，国家“863”高技术发展计划项目，国家自然科学基金项目等；在数学，物理，计算机、运筹学等领域的国际顶尖学术刊物上了发表了多篇有影响力的学术论文，其中包括：SIAM Journal on Computing, European Journal of Operational Research, Computers & Operations Research，Journal of Heuristics, Operations Research Letters, Computers & Industrial Engineering, Physical Review E , 科学通报，中国科学等。\n      研究所具备实力雄厚的师资力量、充满活力的科研梯队，研究所拥有良好的硬件设施环境和办公环境。现有教授5人，副教授6人，讲师4人。目前在读全日制博士、硕士研究生50余人。实验室坚持开放与联合，与美国、法国、德国、英国、加拿大、新加坡、香港等国家和地区的世界一流大学保持着密切的合作关系。\n     研究所热诚欢迎对优化算法理论、方法和其应用感兴趣，有志于从事优化算法研究的同学保送或报考本实验室的研究生。\n\n','http://tacs.hust.edu.cn/images/logo.png','tacs.hust.edu.cn','http://tacs.hust.edu.cn/yjsgk/yjsjj.htm',NULL),(88,'智能大数据与多媒体实验室',2,'计算机科学与技术学院',NULL,NULL,NULL,NULL,NULL,'ibm.cs.hust.edu.cn','http://ibm.cs.hust.edu.cn/',NULL),(89,'集群与网格计算湖北省重点实验室',2,'计算机科学与技术学院','(027) 87543529, 87557047','yukundu@yeah.net','武汉市洪山区珞瑜路1037号, 华中科技大学东五楼2楼','华中科技大学“大数据技术与系统国家地方联合工程研究中心”暨“服务计算技术与系统教育部重点实验室”暨“集群与网格计算湖北省重点实验室”依托于计算机系统结构国家重点学科和计算机软件与理论湖北省重点学科，建有湖北省大数据技术与系统工程实验室，湖北省大数据安全工程技术研究中心。拥有自由开放的学术氛围和国际前沿的研究方向。目前主要的研究领域包括：系统软件与体系结构、分布式系统、网络空间安全、大数据等。','http://grid.hust.edu.cn/dfiles/12864/images/logo.jpg','grid.hust.edu.cn/','http://grid.hust.edu.cn/sysgk/sysjj.htm','http://grid.hust.edu.cn/kycg/xslwjzz.htm'),(90,'John Hopcroft工作室',2,'计算机科学与技术学院','86-027-87543885',NULL,'中国 武汉 洪山区珞喻路 1037 号 ',' 华中科技大学John Hopcroft工作室依托于华中科技大学计算机科学与技术学院和华中科技大学创新研究院，成立于2014年9月，位于华中科技大学创新研究院。主要研究领域包括经典理论计算机科学的基础理论与算法研究以及大数据背景下的现代数据挖掘、机器学习、深度学习的基础理论与算法研究。','http://jhl.cs.hust.edu.cn/img/logo.png','jhl.cs.hust.edu.cn','http://jhl.cs.hust.edu.cn/sysgk/jj.htm','http://jhl.cs.hust.edu.cn/info/1055/1227.htm'),(91,'华中科技大学张培刚发展研究院门户网站',20,'经济学院',NULL,NULL,NULL,NULL,NULL,'cids.hust.edu.cn',NULL,NULL),(92,'燃烧源颗粒及CO2课题组网站(煤燃烧国家重点实验室)',8,'能源与动力工程学院',NULL,NULL,NULL,NULL,NULL,'cpc.energy.hust.edu.cn',NULL,NULL),(93,'能源与动力工程学院固体燃料燃烧研究室门户网站',8,'能源与动力工程学院',NULL,NULL,NULL,NULL,NULL,'sklccyao.energy.hust.edu.cn',NULL,NULL),(94,'能源与动力工程学院多维燃料利用实验室门户网站',8,'能源与动力工程学院',NULL,NULL,NULL,NULL,NULL,'xu.energy.hust.edu.cn',NULL,NULL),(95,'纳米传热实验室',8,'能源与动力工程学院',NULL,NULL,NULL,NULL,NULL,'nanoheat.energy.hust.edu.cn',NULL,NULL),(96,'煤燃烧国家重点实验室英文网站',8,'能源与动力工程学院',NULL,NULL,NULL,NULL,NULL,'sklcc-en.hust.edu.cn',NULL,NULL),(97,'洁净燃烧理论与技术研究所',8,'能源与动力工程学院',NULL,NULL,NULL,NULL,NULL,'iccst.energy.edu.cn',NULL,NULL),(98,'华中科技大学郑楚光科研团队',8,'能源与动力工程学院',NULL,NULL,NULL,NULL,NULL,'combustion.energy.hust.edu.cn',NULL,NULL),(99,'华中科技大学能源与动力工程学院热科学与工程实验室门户网站',8,'能源与动力工程学院',NULL,NULL,NULL,NULL,NULL,'tsl.energy.hust.edu.cn',NULL,NULL),(100,'华中科技大学能源与动力工程学院界面与运输现象实验室门户网站',8,'能源与动力工程学院',NULL,NULL,NULL,NULL,NULL,'itp.energy.hust.edu.cn',NULL,NULL),(101,'华中科技大学能源与动力工程学院核工程与核技术系门户网站',8,'能源与动力工程学院',NULL,NULL,NULL,NULL,NULL,'nuclear.energy.hust.edu.cn',NULL,NULL),(102,'华中科技大学煤燃烧国家重点实验室门户网站',8,'能源与动力工程学院',NULL,NULL,NULL,NULL,NULL,'sklcc.hust.edu.cn',NULL,NULL),(103,'华中科技大学流化床与生物质研究团队',8,'能源与动力工程学院',NULL,NULL,NULL,NULL,NULL,'sklccfbg.energy.hust.edu.cn',NULL,NULL),(104,'核能-环境-化学交叉学科实验室',8,'能源与动力工程学院',NULL,NULL,NULL,NULL,NULL,'necl.energy.hust.edu.cn',NULL,NULL),(105,'核工程虚拟仿真实验教学中心',8,'能源与动力工程学院',NULL,NULL,NULL,NULL,NULL,'nuclearlab.energy.hust.edu.cn',NULL,NULL),(106,'多尺度过度模拟实验室',8,'能源与动力工程学院',NULL,NULL,NULL,NULL,NULL,'mpml.energy.hust.edu.cn',NULL,NULL),(107,'陈刚教授科研团队对外宣传网站',8,'能源与动力工程学院',NULL,NULL,NULL,NULL,NULL,'cccg.energy.hust.edu.cn',NULL,NULL),(108,'材料辐照计算机模拟课题组网站',8,'能源与动力工程学院',NULL,NULL,NULL,NULL,NULL,'numat.energy.hust.edu.cn',NULL,NULL),(109,'封装与热管理实验室',8,'能源与动力工程学院',NULL,NULL,NULL,NULL,NULL,'tpl.energy.hust.edu.cn',NULL,NULL),(110,'李松课题组',8,'能源与动力工程学院',NULL,NULL,NULL,NULL,NULL,'small.energy.hust.edu.cn',NULL,NULL),(111,'智能制造与数据科学实验室',9,'人工智能与自动化学院',NULL,NULL,NULL,NULL,NULL,'imds.aia.hust.edu.cn',NULL,NULL),(112,'图像信息处理与智能控制教育部重点实验室',9,'人工智能与自动化学院',NULL,NULL,NULL,NULL,NULL,'IPIC.hust.edu.cn',NULL,NULL),(113,'血液净化用生物材料及纳米功能材料课题组',4,'生命科学与技术学院',NULL,NULL,NULL,NULL,NULL,'functionalbiomaterials.life.hust.edu.cn',NULL,NULL),(114,'华中科技大学杨光教授3BIO实验室',4,'生命科学与技术学院',NULL,NULL,NULL,NULL,NULL,'www.3bio.life.hust.edu.cn',NULL,NULL),(115,'华中科技大学生命科学与技术学院中英联合实验室',4,'生命科学与技术学院',NULL,NULL,NULL,NULL,NULL,'chinauk.hust.edu.cn',NULL,NULL),(116,'华中科技大学生命科学与技术学院PET实验室门户网站',4,'生命科学与技术学院',NULL,NULL,NULL,NULL,NULL,'petlab.hust.edu.cn',NULL,NULL),(117,'华中科技大学分子生物物理教育部重点实验室门户网站',4,'生命科学与技术学院',NULL,NULL,NULL,NULL,NULL,'mbp.hust.edu.cn',NULL,NULL),(118,'武汉光电国家研究中心光电子器件与集成功能实验室',37,'武汉光电国家研究中心',NULL,NULL,NULL,NULL,NULL,'oedi.wnlo.hust.edu.cn',NULL,NULL),(119,'武汉光电国家实验室综合信息网',37,'武汉光电国家研究中心',NULL,NULL,NULL,NULL,NULL,'whof.wnlo.cn   whof.wnlo.hust.edu.cn',NULL,NULL),(120,'武汉光电国家实验室多维光子学研究组',37,'武汉光电国家研究中心',NULL,NULL,NULL,NULL,NULL,'mdpl.wnlo.hust.edu.cn',NULL,NULL),(121,'武汉光电国家实验室党群工作',37,'武汉光电国家研究中心',NULL,NULL,NULL,NULL,NULL,'dq.wnlo.hust.edu.cn',NULL,NULL),(122,'武汉光电国家实验室（筹）信息存储及应用实验室门户网站',37,'武汉光电国家研究中心',NULL,NULL,NULL,NULL,NULL,'stlab.wnlo.hust.edu.cn',NULL,NULL),(123,'武汉光电国家实验室（筹）生物医学光子学与成像技术国际学术研讨会网站',37,'武汉光电国家研究中心',NULL,NULL,NULL,NULL,NULL,'pibm.hust.edu.cn',NULL,NULL),(124,'武汉光电国家实验室（筹）面向复杂应用环境的数据存储系统理论与技术基础研究实验室门户网站',37,'武汉光电国家研究中心',NULL,NULL,NULL,NULL,NULL,'storage.hust.edu.cn',NULL,NULL),(125,'武汉光电国家实验室（筹）薄膜太阳能电池实验室门户网站',37,'武汉光电国家研究中心',NULL,NULL,NULL,NULL,NULL,'tfsc.wnlo.hust.edu.cn',NULL,NULL),(126,'武汉光电国家实验室（筹）Britton Chance 生物医学光子学研究中心门户网站 ',37,'武汉光电国家研究中心',NULL,NULL,NULL,NULL,NULL,'bmp.hust.edu.cn',NULL,NULL),(127,'武汉光电国家实验室（筹）Britton Chance 生物医学光子学研究中心门户网站',37,'武汉光电国家研究中心',NULL,NULL,NULL,NULL,NULL,'ibp.hust.edu.cn',NULL,NULL),(128,'声学超材料与器件实验室',46,'物理学院',NULL,NULL,NULL,NULL,NULL,'metafun-phys.hust.edu.cn',NULL,NULL),(129,'华中科技大学物理学院引力实验中心门户网站',46,'物理学院',NULL,NULL,NULL,NULL,NULL,'ggg.hust.edu.cn',NULL,NULL),(130,'华中科技大学物理学院门户网站',46,'物理学院',NULL,NULL,NULL,NULL,NULL,'phys.hust.edu.cn',NULL,NULL),(131,'华中科技大学物理学院量子光科学研究中心门户网站',46,'物理学院',NULL,NULL,NULL,NULL,NULL,'cqos.phys.hust.edu.cn',NULL,NULL),(132,'华中科技大学物理学院超快光学实验室门户网站',46,'物理学院',NULL,NULL,NULL,NULL,NULL,'ufolab.phys.hust.edu.cn',NULL,NULL),(133,'低维物理与量子材料实验室',46,'物理学院',NULL,NULL,NULL,NULL,NULL,'stm.phys.hust.edu.cn',NULL,NULL);
/*!40000 ALTER TABLE `lab` ENABLE KEYS */;
UNLOCK TABLES;

--
-- Table structure for table `lab_direction`
--

DROP TABLE IF EXISTS `lab_direction`;
/*!40101 SET @saved_cs_client     = @@character_set_client */;
/*!40101 SET character_set_client = utf8 */;
CREATE TABLE `lab_direction` (
  `id` int(11) NOT NULL AUTO_INCREMENT,
  `lab_id` int(11) DEFAULT NULL,
  `did` int(11) DEFAULT NULL,
  PRIMARY KEY (`id`),
  KEY `lab_direction___dirfk` (`did`),
  KEY `lab_direction___labfk` (`lab_id`),
  CONSTRAINT `lab_direction___dirfk` FOREIGN KEY (`did`) REFERENCES `research_direction` (`id`),
  CONSTRAINT `lab_direction___labfk` FOREIGN KEY (`lab_id`) REFERENCES `lab` (`id`)
) ENGINE=InnoDB AUTO_INCREMENT=56 DEFAULT CHARSET=utf8 COMMENT='实验室--研究方向关系表';
/*!40101 SET character_set_client = @saved_cs_client */;

--
-- Dumping data for table `lab_direction`
--

LOCK TABLES `lab_direction` WRITE;
/*!40000 ALTER TABLE `lab_direction` DISABLE KEYS */;
INSERT INTO `lab_direction` VALUES (2,4,1),(3,4,2),(4,4,3),(5,4,4),(6,79,18),(7,79,19),(8,79,20),(9,79,21),(10,79,22),(11,79,23),(12,79,24),(13,80,33),(14,80,34),(15,80,35),(16,80,36),(17,81,37),(18,81,38),(19,82,39),(20,82,40),(21,82,41),(22,82,42),(23,82,43),(24,82,44),(25,83,47),(26,83,48),(27,83,48),(28,85,50),(29,85,51),(30,85,52),(31,85,53),(32,85,54),(33,85,55),(34,85,56),(35,86,71),(36,86,72),(37,86,73),(38,87,47),(39,87,49),(40,87,43),(41,87,73),(42,87,74),(43,88,19),(44,88,33),(45,88,74),(46,88,75),(47,89,40),(48,89,77),(49,89,78),(50,89,76),(51,90,80),(52,NULL,81),(53,NULL,82),(54,NULL,83),(55,NULL,84);
/*!40000 ALTER TABLE `lab_direction` ENABLE KEYS */;
UNLOCK TABLES;

--
-- Table structure for table `lab_dynamic`
--

DROP TABLE IF EXISTS `lab_dynamic`;
/*!40101 SET @saved_cs_client     = @@character_set_client */;
/*!40101 SET character_set_client = utf8 */;
CREATE TABLE `lab_dynamic` (
  `id` int(11) NOT NULL AUTO_INCREMENT,
  `lab_id` int(11) DEFAULT NULL,
  `dyid` int(11) DEFAULT NULL,
  PRIMARY KEY (`id`),
  KEY `lab_dynamic___dyfk` (`dyid`),
  KEY `lab_dynamic___lfk` (`lab_id`),
  CONSTRAINT `lab_dynamic___dyfk` FOREIGN KEY (`dyid`) REFERENCES `dynamic` (`id`),
  CONSTRAINT `lab_dynamic___lfk` FOREIGN KEY (`lab_id`) REFERENCES `lab` (`id`)
) ENGINE=InnoDB DEFAULT CHARSET=latin1 COMMENT='实验室---动态关系表';
/*!40101 SET character_set_client = @saved_cs_client */;

--
-- Dumping data for table `lab_dynamic`
--

LOCK TABLES `lab_dynamic` WRITE;
/*!40000 ALTER TABLE `lab_dynamic` DISABLE KEYS */;
/*!40000 ALTER TABLE `lab_dynamic` ENABLE KEYS */;
UNLOCK TABLES;

--
-- Table structure for table `lab_result`
--

DROP TABLE IF EXISTS `lab_result`;
/*!40101 SET @saved_cs_client     = @@character_set_client */;
/*!40101 SET character_set_client = utf8 */;
CREATE TABLE `lab_result` (
  `id` int(11) NOT NULL AUTO_INCREMENT,
  `lab_id` int(11) DEFAULT NULL,
  `rid` int(11) DEFAULT NULL,
  PRIMARY KEY (`id`),
  KEY `lab_result___lfk` (`lab_id`),
  KEY `lab_result___rfk` (`rid`),
  CONSTRAINT `lab_result___lfk` FOREIGN KEY (`lab_id`) REFERENCES `lab` (`id`),
  CONSTRAINT `lab_result___rfk` FOREIGN KEY (`rid`) REFERENCES `research_result` (`id`)
) ENGINE=InnoDB AUTO_INCREMENT=66 DEFAULT CHARSET=latin1 COMMENT='实验室---研究成果关系表';
/*!40101 SET character_set_client = @saved_cs_client */;

--
-- Dumping data for table `lab_result`
--

LOCK TABLES `lab_result` WRITE;
/*!40000 ALTER TABLE `lab_result` DISABLE KEYS */;
INSERT INTO `lab_result` VALUES (1,4,1),(2,4,2),(3,4,3),(4,4,4),(5,4,5),(6,4,6),(7,4,7),(8,4,8),(9,79,9),(10,79,10),(11,79,11),(12,79,12),(13,79,13),(14,79,14),(15,80,15),(16,80,16),(17,80,17),(18,80,18),(19,80,19),(20,81,20),(21,81,21),(22,81,22),(23,81,23),(24,81,24),(25,81,25),(26,81,26),(27,82,27),(28,82,28),(29,82,29),(30,82,30),(31,82,31),(32,82,32),(33,83,33),(34,83,34),(35,83,35),(36,83,36),(37,85,37),(38,85,38),(39,85,39),(40,85,40),(41,85,41),(42,85,42),(43,86,43),(44,86,44),(45,86,45),(46,86,46),(47,86,47),(48,86,48),(49,87,49),(50,87,50),(51,87,51),(52,87,52),(53,87,53),(54,89,54),(55,89,55),(56,89,56),(57,89,57),(58,89,58),(59,89,59),(60,90,60),(61,90,61),(62,90,62),(63,90,63),(64,90,64),(65,90,65);
/*!40000 ALTER TABLE `lab_result` ENABLE KEYS */;
UNLOCK TABLES;

--
-- Table structure for table `major`
--

DROP TABLE IF EXISTS `major`;
/*!40101 SET @saved_cs_client     = @@character_set_client */;
/*!40101 SET character_set_client = utf8 */;
CREATE TABLE `major` (
  `id` int(11) NOT NULL AUTO_INCREMENT,
  `name` varchar(512) DEFAULT NULL,
  `branch` varchar(128) DEFAULT NULL,
  `province` varchar(128) DEFAULT NULL,
  `year` varchar(64) DEFAULT NULL,
  `note` text,
  `type` varchar(128) DEFAULT NULL,
  `introduction` text,
  `college_id` int(11) DEFAULT NULL,
  PRIMARY KEY (`id`),
  KEY `major___cfk` (`college_id`),
  CONSTRAINT `major___cfk` FOREIGN KEY (`college_id`) REFERENCES `college` (`id`)
) ENGINE=InnoDB DEFAULT CHARSET=latin1 COMMENT='专业表';
/*!40101 SET character_set_client = @saved_cs_client */;

--
-- Dumping data for table `major`
--

LOCK TABLES `major` WRITE;
/*!40000 ALTER TABLE `major` DISABLE KEYS */;
/*!40000 ALTER TABLE `major` ENABLE KEYS */;
UNLOCK TABLES;

--
-- Table structure for table `research_direction`
--

DROP TABLE IF EXISTS `research_direction`;
/*!40101 SET @saved_cs_client     = @@character_set_client */;
/*!40101 SET character_set_client = utf8 */;
CREATE TABLE `research_direction` (
  `id` int(11) NOT NULL AUTO_INCREMENT,
  `name` varchar(512) DEFAULT NULL,
  PRIMARY KEY (`id`),
  UNIQUE KEY `research_direction_name_uindex` (`name`)
) ENGINE=InnoDB AUTO_INCREMENT=88 DEFAULT CHARSET=utf8;
/*!40101 SET character_set_client = @saved_cs_client */;

--
-- Dumping data for table `research_direction`
--

LOCK TABLES `research_direction` WRITE;
/*!40000 ALTER TABLE `research_direction` DISABLE KEYS */;
INSERT INTO `research_direction` VALUES (2,'3D打印技术'),(47,'NP难问题的智能优化算法'),(39,'云计算'),(33,'人工智能'),(30,'信息存储理论与技术'),(62,'信息安全和计算机教育'),(42,'信息检索'),(4,'催化剂设计'),(13,'光解水及光催化机制的探索'),(59,'分布式智能计算'),(77,'分布式系统'),(45,'分布计算'),(1,'原子层沉积'),(6,'原子层沉积工艺的工艺流程和设备开发'),(86,'启发式优化'),(32,'图像处理与情感识别'),(15,'基于MOFs的能量节约型气体的吸附和分离'),(69,'基于内容的视频分析'),(52,'增强现实'),(49,'复杂系统建模与工业优化 '),(53,'多核计算与流编译'),(40,'大数据'),(31,'大数据与机器学习'),(48,'大数据分析与可视化'),(38,'大数据处理与智能推荐'),(60,'大数据应用技术'),(28,'大规模高维数据索引'),(36,'实时计算'),(85,'强化学习的智能计算'),(11,'微电子和新能源领域的纳米器件开发'),(8,'微纳制造'),(57,'数字媒体处理与检索\n'),(50,'数字视频处理与检索'),(34,'数据工程'),(43,'数据挖掘'),(12,'新型低维碳基材料的设计及其在能源领域的应用'),(5,'新型复合催化剂的理性设计'),(74,'机器学习'),(84,'机器学习与组合优化的交叉研究\n\n'),(18,'深度学习'),(82,'深度学习的内部表达与工作机理研究\n\n'),(22,'深度边缘计算'),(87,'混合进化计算'),(14,'热电厂废气吸附和分离的新型纳米材料金属-有机物骨架(MOFs)的高通量筛选'),(73,'物联网技术'),(20,'监控视频大数据分析'),(23,'知识图谱'),(81,'社交网络的社团检测、影响力传播等\n\n'),(44,'社会网络'),(61,'社会计算'),(51,'社会计算与大数据分析'),(16,'离子液体物化性质研究'),(72,'移动健康'),(71,'移动健康医疗监护机器人'),(41,'系统安全'),(76,'系统软件与体系结构\n'),(70,'索引与检索'),(9,'纳米材料生长工艺及设备开发'),(80,'经典NP难度问题的完备求解和近似快速求解\n\n'),(54,'网络安全与大数据处理'),(78,'网络空间安全'),(24,'自动问答'),(37,'自然语言处理与智能计算'),(10,'薄膜制备工艺及应用'),(56,'虚拟实验'),(75,'虚拟现实'),(55,'视频情感计算'),(58,'计算机动画与影视特技'),(19,'计算机视觉'),(29,'语义哈希'),(17,'超级电容器性能及改良'),(3,'跨尺度模拟'),(7,'跨尺度模拟和材料基因组工程'),(35,'软件工程'),(46,'金融工程'),(83,'高维数据的降维与聚类\n\n'),(21,'高维数据索引');
/*!40000 ALTER TABLE `research_direction` ENABLE KEYS */;
UNLOCK TABLES;

--
-- Table structure for table `research_result`
--

DROP TABLE IF EXISTS `research_result`;
/*!40101 SET @saved_cs_client     = @@character_set_client */;
/*!40101 SET character_set_client = utf8 */;
CREATE TABLE `research_result` (
  `id` int(11) NOT NULL AUTO_INCREMENT,
  `title` text,
  `link` text CHARACTER SET latin1,
  PRIMARY KEY (`id`)
) ENGINE=InnoDB AUTO_INCREMENT=66 DEFAULT CHARSET=utf8 COMMENT='研究成果表';
/*!40101 SET character_set_client = @saved_cs_client */;

--
-- Dumping data for table `research_result`
--

LOCK TABLES `research_result` WRITE;
/*!40000 ALTER TABLE `research_result` DISABLE KEYS */;
INSERT INTO `research_result` VALUES (1,'全新的晶面选择性原子层沉积的发现及其应用','http://lamd.hust.edu.cn/info/1039/1177.htm'),(2,'原子层沉积方法有效实现三氢化铝颗粒的稳定化提升','http://lamd.hust.edu.cn/info/1039/1176.htm'),(3,'碳颗粒燃烧新型催化剂-大孔莫来石','http://lamd.hust.edu.cn/info/1039/1175.htm'),(4,'课题组文艳伟老师提出金属-改性石墨烯调控氢分子吸附能','http://lamd.hust.edu.cn/info/1039/1151.htm'),(5,'课题组刘潇博士发现原子层沉积制备锚定Pt纳米颗粒新方法','http://lamd.hust.edu.cn/info/1039/1150.htm'),(6,'课题组张杰博士后对TiS3单层热电性能的理论研究','http://lamd.hust.edu.cn/info/1039/1149.htm'),(7,'实验室冯子健博士对大孔莫来石SmMn2O5用于碳颗粒燃烧的研究','http://lamd.hust.edu.cn/info/1039/1148.htm'),(8,'材料学院单斌教授获得宁波市创业人才表彰','http://lamd.hust.edu.cn/info/1039/1147.htm'),(9,'Peng Zhang, Fuhao Zou, Zhiwen Wu, Nengli Dai, Skarpness Mark, Michael Fu, Juan Zhao, Kai Li:FeatherNets: Convolutional Neural Networks as Light as Feather for Face Anti-spoofing.IEEE Conference on Computer Vision and Pattern Recognition CoRR abs/1904.09290 (2019)','http://iec.cs.hust.edu.cn/kycg/xslw.htm'),(10,'Mingli Xu, Yuhua Li, Ruixuan Li, Fuhao Zou, Xiwu Gu:EADP: An extended adaptive density peaks clustering for overlapping community detection in social networks. Neurocomputing 337: 287-302 (2019)','http://iec.cs.hust.edu.cn/kycg/xslw.htm'),(11,'Hefei Ling, Ziyang Wang, Ping Li, Yuxuan Shi, Jiazhong Chen, Fuhao Zou:Improving person re-identification by multi-task learning. Neurocomputing 347: 109-118 (2019)','http://iec.cs.hust.edu.cn/kycg/xslw.htm'),(12,'Yu Liu, Jingkuan Song, Ke Zhou, Lingyu Yan, Li Liu, Fuhao Zou, Ling Shao:Deep Self-Taught Hashing for Image Retrieval. IEEE Trans. Cybernetics 49(6): 2229-2241 (2019)','http://iec.cs.hust.edu.cn/kycg/xslw.htm'),(13,'Fuhao Zou, Xingqiang Bai, Chaoyang Luan, Kai Li, Yunfei Wang, Hefei Ling:Semi-supervised cross-modal learning for cross modal retrieval and image annotation. World Wide Web 22(2): 825-841 (2019)','http://iec.cs.hust.edu.cn/kycg/xslw.htm'),(14,'Wei Chen, Jincai Chen, Fuhao Zou, Yuan-Fang Li, Ping Lu, Wei Zhao:RobustiQ: A Robust ANN Search Method for Billion-scale Similarity Search on GPUs. ICMR 2019: 132-140','http://iec.cs.hust.edu.cn/kycg/xslw.htm'),(15,'李国徽, 杜小坤, 胡方晓,等. 基于函数依赖的结构匹配方法[J]. 软件学报, 2009, 20(10):2667-2678.','http://ade.cs.hust.edu.cn/info/1048/1116.htm'),(16,'Li G H, Lam K Y, Kuo T W, et al. Location management in cellular mobile computing systems with dynamic hierarchical location databases[J]. Journal of Systems and Software, 2004, 69(1): 159-171.','http://ade.cs.hust.edu.cn/info/1052/1115.htm'),(17,'挖掘数据流任意滑动时间窗口内频繁模式','http://ade.cs.hust.edu.cn/info/1049/1114.htm'),(18,'Efficient location area planning for cellular networks with hierarchical location databases','http://ade.cs.hust.edu.cn/info/1052/1113.htm'),(19,'	Li G, Shu L C. Design and evaluation of a low-latency checkpointing scheme for mobile computing systems[J]. The Computer Journal, 2006, 49(5): 527-540.','http://ade.cs.hust.edu.cn/info/1050/1112.htm'),(20,'Wei Wei, Jiayi Liu, Xianling Mao, Guibing Guo, Feida Zhu, Pan Zhou and Yuchong Hu, Emotion-aware Chat Machine: Automatic Emotional Response Generation for Human-like Emotional Interaction, Proceedings of the 28th ACM International Conference on Information and Knowledge Management (CIKM\'19), 2019. (CCF B','http://cciip.cs.hust.edu.cn/kycg.htm'),(21,'Zhikang Zou, Huiliang Shao, Xiaoye Qu , Wei Wei and Pan Zhou, ​Enhanced 3D convolutional networks for crowd counting, In: The 30th British Machine Vision Conference  (BMVC\'19) , UK, 2019','http://cciip.cs.hust.edu.cn/kycg.htm'),(22,'XinXing Su, XiaoYe Qu, ZhiKAang Zou, Pan Zhou, Wei Wei, ShiPing Wen, MengLan Hu, k-Reciprocal Harmonious Attention Network for Video-Based Person Re-Identification,IEEE ACCESS (IF: 3.557 ), 7(1):22457-22470, 2019','http://cciip.cs.hust.edu.cn/kycg.htm'),(23,'​Liangfeng Cheng, Yuchong Hu, Wei Wei and Renzhi Xiao, Enhanced Self-coding for Available Mem-cached,The 16th IEEE International Symposium on Parallel and Distributed Processing with Applications (ISPA\'18)','http://cciip.cs.hust.edu.cn/kycg.htm'),(24,'Xiucheng Li, Kaiqi Zhao, Gao Cong, Christian S. Jensen, Wei Wei. Deep Representation Learning for Trajectory Similarity Computation. In: Proceedings of the 34th IEEE International Conference on Data Engineering (ICDE\'18), Paris, Fr, 2018. [Full Paper] (CCF A)','http://cciip.cs.hust.edu.cn/kycg.htm'),(25,'Guohui Li, Chenggang Deng, Jianjun Li, Quan Zhou and Wei Wei. Deadline and Period Assignment for Update Transactions in Co-Scheduling Environment. IEEE Transactions on Computers （TC） (IF = 2.916), 66(7):1119-1131, 2017. (CCF A)','http://cciip.cs.hust.edu.cn/kycg.htm'),(26,'Maofu Liu, He Zhang, Huijun Hu, Wei Wei, \"Topic categorization and representation of health community generated data\", Multimedia Tools and Applications (IF = 1.530), 76 (8), 10575-10597, 2017. (SCI)','http://cciip.cs.hust.edu.cn/kycg.htm'),(27,'Guoqiang Gao, Ruixuan Li, Kunmei Wen, Xiwu Gu. Proactive Replication for Rare Objects in Unstructured Peer-to-Peer Networks. Journal of Network and Computer Applications, Elsevier, 2012, 35(1):85-96','http://idc.hust.edu.cn/info/1068/1252.htm'),(28,'Guoqiang Gao, Ruixuan Li, Kunmei Wen, Xiwu Gu. Proactive Replication for Rare Objects in Unstructured Peer-to-Peer Networks. Journal of Network and Computer Applications, Elsevier, 2012, 35(1):85-96','http://idc.hust.edu.cn/info/1068/1251.htm'),(29,'Ruixuan Li, Kunmei Wen, Xiwu Gu, Yuhua Li, Xiaolin Sun, Bing Li. Type-2 Fuzzy Description Logic. Frontiers of Computer Science in China, Springer, 2011, 5(2): 205-215','http://idc.hust.edu.cn/info/1068/1250.htm'),(30,'Bing Li, Buqing Cao, Kunmei Wen, Ruixuan Li. Trustworthy Assurance of Service Interoperation in Cloud Environment. International Journal of Automation and Computing, 2011, 8(3):297-308','http://idc.hust.edu.cn/info/1068/1249.htm'),(31,'Jianfeng Lu, Ruixuan Li, Jinwei Hu, Dewu Xu. Inconsistency Resolving of Safety and Utility in Access Control. EURASIP Journal on Wireless Communications and Networking, Hindawi Publishing Corporation, 2011:101','http://idc.hust.edu.cn/info/1068/1247.htm'),(32,'Jinwei Hu，Ruixuan Li，Zhengding Lu，Jianfeng Lu，Xiaopu Ma. RAR: A role-and-risk based flexible framework for secure collaboration. Future Generation Computer Systems, 2011, 27(5):574-586','http://idc.hust.edu.cn/info/1068/1246.htm'),(33,'Wenqi Huang and Zhipeng Lü*. Personification Algorithm f...','http://smart.hust.edu.cn/yjcg/xslw.htm'),(34,'Wenqi Huang and Aihua Yin. An improved shifting bottlenec...','http://smart.hust.edu.cn/yjcg/xslw.htm'),(35,'Wenqi Huang and Yan Kang, A short note on a simple searc...','http://smart.hust.edu.cn/yjcg/xslw.htm'),(36,'	黄文奇, 黄勤波, 石赫. 求解蛋白质结构预测问题的二维连续模型及其相应的拟物算法. 计算机研究与发展. 2004 (11): 1959-1965. (EI)','http://smart.hust.edu.cn/yjcg/xslw.htm'),(37,'Wide area localization and tracking for camera phones based mobile augmented reality systems\n','http://media.hust.edu.cn/info/1024/1079.htm'),(38,'一种面向数据流程序的软件流水并行化方法\n','http://media.hust.edu.cn/info/1024/1078.htm'),(39,'Fast Scene Recognition and Camera Relocalisation for Wide Area Augmented Reality Systems\n','http://media.hust.edu.cn/info/1024/1077.htm'),(40,'Real-Time Camera Pose Estimation for Wide-Area Augmented Reality Applications\n','http://media.hust.edu.cn/info/1024/1076.htm'),(41,'Registration Based on Scene Recognition and Natural Features Tracking Techniques for Wide-Area Augmented Reality Systems\n','http://media.hust.edu.cn/info/1024/1075.htm'),(42,'基于组播和操作意图冲突检测的协同实验\n','http://media.hust.edu.cn/info/1024/1074.htm'),(43,'Min Chen, Yujun Ma, Y. Li, D. Wu, Y. Zhang, C. Youn, “Wearable 2.0: Enable Human-Cloud Integration in Next Generation Healthcare System”, IEEE Communications, Vol. 55, No. 1, pp. 54-61, Jan. 2017. （JCR一区期刊，影响因子10.435）','http://epic.hust.edu.cn/kycg/xslwjzz.htm'),(44,'Min Chen, Ping Zhou, G. Fortino, “Emotion Communication System”, IEEE Access, Vol. 5, pp. 326-337, 2017. ','http://epic.hust.edu.cn/kycg/xslwjzz.htm'),(45,'Min Chen, Jun Yang, X. Zhu, X. Wang, Mengchen Liu, Jeungeun Song, “Smart Home 2.0: Innovative Smart Home System Powered by Botanical IoT and Emotion Detection”, Mobile Networks and Applications, DOI 10.1007/s11036-017-0866-1, 2017.','http://epic.hust.edu.cn/kycg/xslwjzz.htm'),(46,'Min Chen, Yixue Hao, K. Hwang, Lu Wang, L. Wang, “Disease Prediction by Machine Learning over Big Healthcare Data”, IEEE Access, Vol. 5, No. 1, pp. 8869-8879, 2017. （JCR二区期刊，影响因子3.244）[LocalPDF] Among the most popular paper in IEEExplore','http://epic.hust.edu.cn/kycg/xslwjzz.htm'),(47,'Min Chen, Y. Zhang, M. Qiu, N. Guizani, Yixue Hao, “SPHA: Smart Personal Health Advisor Based on Deep Analytics”, IEEE Communications, accepted, 2017.','http://epic.hust.edu.cn/kycg/xslwjzz.htm'),(48,'Min Chen, Jun Yang, et al., “Urban Healthcare Big Data System based on Crowdsourced and Cloud-based Air Quality Indicators”, IEEE Communications, to appear, 2017. ','http://epic.hust.edu.cn/kycg/xslwjzz.htm'),(49,'Zhipeng Lü and Jin-Kao Hao. Adaptive Neighborhood Search for Nurse Rostering, European Journal of Operational Research. 218(3): 865-876, 2012. (SCI)','http://tacs.hust.edu.cn/yjcg/xslw.htm'),(50,'Yang Wang, Zhipeng Lü, Fred Glover, Jin-Kao Hao. Probabilistic GRASP-tabu search algorithms for the UBQP problem, Computers & Operations Research. 2012. (SCI)','http://tacs.hust.edu.cn/yjcg/xslw.htm'),(51,'Yang Wang, Zhipeng Lü, Fred Glover, Jin-Kao Hao. Path relinking for unconstrained binary quadratic programming, European Journal of Operational Research. Accepted (with minor revision) 2012. (SCI)','http://tacs.hust.edu.cn/yjcg/xslw.htm'),(52,'Gary Kochenberger, Jin-Kao Hao, Zhipeng Lü, Haibo Wang, Fred Glover. Solving large scale max cut problems via Tabu Search. Journal of Heuristics, 2012. (SCI)','http://tacs.hust.edu.cn/yjcg/xslw.htm'),(53,'Yang Wang, Zhipeng Lü, Fred Glover and Jin-Kao Hao. A Multilevel Algorithm for Large Unconstrained Binary Quadratic Optimization, CPAIOR 2012, Lecture Notes in Computer Science, 2012.','http://tacs.hust.edu.cn/yjcg/xslw.htm'),(54,'Song Wu, Fang Zhou, Xiang Gao, Hai Jin, and Jinglei Ren, “Dual-Page Checkpointing: An Architectural Approach to Efficient Data Persistence for In-Memory Applications”, ACM Transactions on Architectures and Code Optimization, Vol.15, No.4, January 2019, pp.1-27.','http://grid.hust.edu.cn/kycg/xslwjzz.htm'),(55,'Hai Jin, Fei Chen, Song Wu, Yin Yao, Zhiyi Liu, Lin Gu, Yongluan Zhou, “Towards Low-Latency Batched Stream Processing by Pre-Scheduling”, IEEE Transactions on Parallel and Distributed Systems, Vol.30, No.3, March 2019, pp.710-722.','http://grid.hust.edu.cn/kycg/xslwjzz.htm'),(56,'Xiaoyuan Wang, Haikun Liu, Xiaofei Liao, Ji Chen, Hai Jin, Yu Zhang, Long Zheng, Bingsheng He, and Song Jiang. “Supporting Superpages and Lightweight Page Migration in Hybrid Memory Systems”, ACM Transactions on Architecture and Code Optimization, Vol. 16 No. 11, April 2019, pp.1-26.\n\n','http://grid.hust.edu.cn/kycg/xslwjzz.htm'),(57,'Xiaofei Liao, Yu Huang, Long Zheng, Hai Jin. “Efficient Time-Evolving Stream Processing at Scale”, IEEE Transactions on Parallel and Distributed Systems, Vol. 30, No. 10, October 2019, pp.2165-2178.','http://grid.hust.edu.cn/kycg/xslwjzz.htm'),(58,'Yu Zhang, Jin Zhao, Xiaofei Liao, Hai Jin, Lin Gu, Haikun Liu, Bingsheng He, Ligang He. “CGraph: A Distributed Storage and Processing System for Concurrent Iterative Graph Analysis Jobs”, ACM Transactions on Storage, Vol. 15, No. 2, October 2019, pp. 10:1-10:26.','http://grid.hust.edu.cn/kycg/xslwjzz.htm'),(59,'Xiaofei Liao, Yicheng Chen, Yu Zhang, Hai Jin, HaiKun Liu and Jin Zhao. An efficient incremental strongly connected components algorithm for evolving directed graphs (in Chinese). Scientia Sinica Informationis, Vol.49, No.8, August 2019, pp. 988–1004.','http://grid.hust.edu.cn/kycg/xslwjzz.htm'),(60,'Kun He, Yingru Li, Sucheta Soundarajan, John E. Hopcroft. Hidden Community Detection in Social Networks. Information Sciences (INS), vol. 425: 92-106, 2018.','http://jhl.cs.hust.edu.cn/info/1055/1227.htm'),(61,'Yixuan Li, Kun He*, Kyle Kloster, David Bindel, John E. Hopcroft. Local Spectral Clustering for Overlapping Community Detection, IEEE Transactions on Knowledge Discovery from Data (TKDD), 12 (2):17, 2018.','http://jhl.cs.hust.edu.cn/info/1055/1227.htm'),(62,'Yuzhe Ma, Kun He*, John E. Hopcroft, Pan Shi. Neighbourhood Preserving Dimension Reduction via Localised Multidimensional Scaling. Theoretical Computer Science (TCS), vol. 734: 58-71, 2018.','http://jhl.cs.hust.edu.cn/info/1055/1227.htm'),(63,'John E. Hopcroft and Kun He. Computer Science in the Information Age, The IEEE Intelligent Informatics Bulletin, vol. 18(2): 3-6, 2018.\n\n','http://jhl.cs.hust.edu.cn/info/1055/1227.htm'),(64,'Pan Shi, Kun He*, David Bindel, John E. Hopcroft. Local Lanczos Spectral Approximation for Membership Identification. 2017 European Conference on Machine Learning and Principles and Practice of Knowledge Discovery in Databases (ECML-PKDD), Skopje, Macedonia, September 18-22, pp: 651-667, 2017.','http://jhl.cs.hust.edu.cn/info/1055/1227.htm'),(65,'Kun He, Yan Wang, John Hopcroft. A Powerful Generative Model Using Random Weights for the Deep Image Representation. In: : 29th Annual Conference on Neural Information Processing Systems (NIPS\'16), Barcelona, Spain, pp. 631-639, Dec. 2016','http://jhl.cs.hust.edu.cn/info/1055/1227.htm');
/*!40000 ALTER TABLE `research_result` ENABLE KEYS */;
UNLOCK TABLES;

--
-- Table structure for table `subject`
--

DROP TABLE IF EXISTS `subject`;
/*!40101 SET @saved_cs_client     = @@character_set_client */;
/*!40101 SET character_set_client = utf8 */;
CREATE TABLE `subject` (
  `id` int(11) NOT NULL AUTO_INCREMENT,
  `name` varchar(512) CHARACTER SET utf8 DEFAULT NULL,
  `college_id` int(11) DEFAULT NULL,
  `college_name` varchar(1024) CHARACTER SET utf8 DEFAULT NULL,
  `pcode` varchar(256) DEFAULT NULL,
  `code` varchar(256) DEFAULT NULL,
  PRIMARY KEY (`id`)
) ENGINE=InnoDB AUTO_INCREMENT=873 DEFAULT CHARSET=latin1 COMMENT='学科表';
/*!40101 SET character_set_client = @saved_cs_client */;

--
-- Dumping data for table `subject`
--

LOCK TABLES `subject` WRITE;
/*!40000 ALTER TABLE `subject` DISABLE KEYS */;
INSERT INTO `subject` VALUES (601,'力学',NULL,NULL,'08','0801'),(602,'机械工程',NULL,NULL,'08','0802'),(603,'光学工程',NULL,NULL,'08','0803'),(604,'材料科学与工程',NULL,NULL,'08','0805'),(605,'动力工程及工程热物理',NULL,NULL,'08','0807'),(606,'电气工程',NULL,NULL,'08','0808'),(607,'电子科学与技术',NULL,NULL,'08','0809'),(608,'信息与通信工程',NULL,NULL,'08','0810'),(609,'控制科学与工程',NULL,NULL,'08','0811'),(610,'计算机科学与技术',NULL,NULL,'08','0812'),(611,'建筑学',NULL,NULL,'08','0813'),(612,'土木工程',NULL,NULL,'08','0814'),(613,'水利工程',NULL,NULL,'08','0815'),(614,'船舶与海洋工程',NULL,NULL,'08','0824'),(615,'环境科学与工程',NULL,NULL,'08','0830'),(616,'生物医学工程',NULL,NULL,'08','0831'),(617,'城乡规划学',NULL,NULL,'08','0833'),(618,'风景园林学',NULL,NULL,'08','0834'),(619,'网络空间安全',NULL,NULL,'08','ID418504'),(620,'临床医学基础专业',NULL,NULL,'1002','100299'),(621,'急诊医学',NULL,NULL,'1002','100218'),(622,'麻醉学',NULL,NULL,'1002','100217'),(623,'运动医学',NULL,NULL,'1002','100216'),(624,'康复医学与理疗学',NULL,NULL,'1002','100215'),(625,'肿瘤学',NULL,NULL,'1002','100214'),(626,'耳鼻咽喉科学',NULL,NULL,'1002','100213'),(627,'生物学其他专业',NULL,NULL,'0710','071099'),(628,'数学',NULL,NULL,'07','0701'),(629,'眼科学',NULL,NULL,'1002','100212'),(630,'工学',NULL,NULL,'ROOT','08'),(631,'物理学',NULL,NULL,'07','0702'),(632,'妇产科学',NULL,NULL,'1002','100211'),(633,'医学',NULL,NULL,'ROOT','10'),(634,'生物物理学',NULL,NULL,'0710','071011'),(635,'化学',NULL,NULL,'07','0703'),(636,'外国语言学及应用语言学',NULL,NULL,'0502','050211'),(637,'固体地球物理',NULL,NULL,'0702','ID633110'),(638,'外科学',NULL,NULL,'1002','100210'),(639,'基础医学',NULL,NULL,'10','1001'),(640,'生物化学与分子生物学',NULL,NULL,'0710','071010'),(641,'生物学',NULL,NULL,'07','0710'),(642,'理学',NULL,NULL,'ROOT','07'),(643,'亚非语言文学',NULL,NULL,'0502','050210'),(644,'军事法学',NULL,NULL,'0301','030110'),(645,'国防经济',NULL,NULL,'0202','020210'),(646,'化学生物学',NULL,NULL,'0703','ID495489'),(647,'护理学',NULL,NULL,'1002','100209'),(648,'临床医学',NULL,NULL,'10','1002'),(649,'统计学',NULL,NULL,'07','0714'),(650,'细胞生物学',NULL,NULL,'0710','071009'),(651,'精密测量物理',NULL,NULL,'0702','070299'),(652,'欧洲语言文学',NULL,NULL,'0502','050209'),(653,'国际法学',NULL,NULL,'0301','030109'),(654,'数量经济学',NULL,NULL,'0202','020209'),(655,'经济学',NULL,NULL,'ROOT','02'),(656,'工程化学',NULL,NULL,'0703','ID440456'),(657,'汽车服务工程',NULL,NULL,'0802','ID518582'),(658,'管理学',NULL,NULL,'ROOT','12'),(659,'口腔医学',NULL,NULL,'10','1003'),(660,'临床检验诊断学',NULL,NULL,'1002','100208'),(661,'基础医学基础专业',NULL,NULL,'1001','100199'),(662,'发育生物学',NULL,NULL,'0710','071008'),(663,'无线电物理',NULL,NULL,'0702','070208'),(664,'阿拉伯语语言文学',NULL,NULL,'0502','050208'),(665,'比较文学与世界文学',NULL,NULL,'0501','050108'),(666,'环境与资源保护法学',NULL,NULL,'0301','030108'),(667,'统计学',NULL,NULL,'0202','020208'),(668,'科学技术哲学',NULL,NULL,'0101','010108'),(669,'材料化学',NULL,NULL,'0703','ID397370'),(670,'公共卫生与预防医学',NULL,NULL,'10','1004'),(671,'影像医学与核医学',NULL,NULL,'1002','100207'),(672,'航空、航天与航海医学',NULL,NULL,'1001','100107'),(673,'遗传学',NULL,NULL,'0710','071007'),(674,'光学',NULL,NULL,'0702','070207'),(675,'西班牙语语言文学',NULL,NULL,'0502','050207'),(676,'中国少数民族语言文学',NULL,NULL,'0501','050107'),(677,'经济法学',NULL,NULL,'0301','030107'),(678,'法学',NULL,NULL,'ROOT','03'),(679,'劳动经济学',NULL,NULL,'0202','020207'),(680,'宗教学',NULL,NULL,'0101','010107'),(681,'药理学',NULL,NULL,'1007','100706'),(682,'中西医结合',NULL,NULL,'10','1006'),(683,'军事预防医学',NULL,NULL,'1004','100406'),(684,'皮肤病与性病学',NULL,NULL,'1002','100206'),(685,'放射医学',NULL,NULL,'1001','100106'),(686,'桥梁与隧道工程',NULL,NULL,'0814','081406'),(687,'化工过程机械',NULL,NULL,'0807','080706'),(688,'车辆工程',NULL,NULL,'0802','080204'),(689,'神经生物学',NULL,NULL,'0710','071006'),(690,'声学',NULL,NULL,'0702','070206'),(691,'印度语言文学',NULL,NULL,'0502','050206'),(692,'中国现当代文学',NULL,NULL,'0501','050106'),(693,'文学',NULL,NULL,'ROOT','05'),(694,'中国近现代史基本问题研究',NULL,NULL,'0305','030506'),(695,'诉讼法学',NULL,NULL,'0301','030106'),(696,'国际贸易学',NULL,NULL,'0202','020206'),(697,'人口、资源与环境经济学',NULL,NULL,'0201','020106'),(698,'美学',NULL,NULL,'0101','010106'),(699,'设计学',NULL,NULL,'13','1305'),(700,'土地资源管理',NULL,NULL,'1204','120405'),(701,'微生物与生化药学',NULL,NULL,'1007','100705'),(702,'药学',NULL,NULL,'10','1007'),(703,'卫生毒理学',NULL,NULL,'1004','100405'),(704,'精神病与精神卫生学',NULL,NULL,'1002','100205'),(705,'法医学',NULL,NULL,'1001','100105'),(706,'港口、海岸及近海工程',NULL,NULL,'0815','081505'),(707,'防灾减灾工程及防护工程',NULL,NULL,'0814','081405'),(708,'导航、制导与控制',NULL,NULL,'0811','081105'),(709,'电工理论与新技术',NULL,NULL,'0808','080805'),(710,'制冷及低温工程',NULL,NULL,'0807','080705'),(711,'机械设计及理论',NULL,NULL,'0802','080203'),(712,'微生物学',NULL,NULL,'0710','071005'),(713,'高分子化学与物理',NULL,NULL,'0703','070305'),(714,'凝聚态物理',NULL,NULL,'0702','070205'),(715,'运筹学与控制论',NULL,NULL,'0701','070105'),(716,'日语语言文学',NULL,NULL,'0502','050205'),(717,'中国古代文学',NULL,NULL,'0501','050105'),(718,'思想政治教育',NULL,NULL,'0305','030505'),(719,'民商法学',NULL,NULL,'0301','030105'),(720,'法学',NULL,NULL,'03','0301'),(721,'产业经济学',NULL,NULL,'0202','020205'),(722,'世界经济',NULL,NULL,'0201','020105'),(723,'伦理学',NULL,NULL,'0101','010105'),(724,'哲学',NULL,NULL,'ROOT','01'),(725,'社会保障',NULL,NULL,'1204','120404'),(726,'技术经济及管理',NULL,NULL,'1202','120204'),(727,'工商管理',NULL,NULL,'12','1202'),(728,'护理学',NULL,NULL,'10','1011'),(729,'药物分析学',NULL,NULL,'1007','100704'),(730,'儿少卫生与妇幼保健学',NULL,NULL,'1004','100404'),(731,'神经病学',NULL,NULL,'1002','100204'),(732,'病理学与病理生理学',NULL,NULL,'1001','100104'),(733,'水利水电工程',NULL,NULL,'0815','081504'),(734,'供热、供燃气、通风及空调工程',NULL,NULL,'0814','081404'),(735,'建筑技术科学',NULL,NULL,'0813','081304'),(736,'模式识别与智能系统',NULL,NULL,'0811','081104'),(737,'电磁场与微波技术',NULL,NULL,'0809','080904'),(738,'电力电子与电力传动',NULL,NULL,'0808','080804'),(739,'流体机械及工程',NULL,NULL,'0807','080704'),(740,'机械电子工程',NULL,NULL,'0802','080202'),(741,'工程力学',NULL,NULL,'0801','080104'),(742,'水生生物学',NULL,NULL,'0710','071004'),(743,'物理化学',NULL,NULL,'0703','070304'),(744,'等离子体物理',NULL,NULL,'0702','070204'),(745,'应用数学',NULL,NULL,'0701','070104'),(746,'德语语言文学',NULL,NULL,'0502','050204'),(747,'中国古典文献学',NULL,NULL,'0501','050104'),(748,'民族传统体育学',NULL,NULL,'0403','040304'),(749,'教育学',NULL,NULL,'ROOT','04'),(750,'国外马克思主义研究',NULL,NULL,'0305','030504'),(751,'民俗学',NULL,NULL,'0303','030304'),(752,'社会学',NULL,NULL,'03','0303'),(753,'刑法学',NULL,NULL,'0301','030104'),(754,'金融学',NULL,NULL,'0202','020204'),(755,'西方经济学',NULL,NULL,'0201','020104'),(756,'逻辑学',NULL,NULL,'0101','010104'),(757,'艺术学',NULL,NULL,'ROOT','13'),(758,'教育经济与管理',NULL,NULL,'1204','120403'),(759,'公共管理',NULL,NULL,'12','1204'),(760,'旅游管理',NULL,NULL,'1202','120203'),(761,'生药学',NULL,NULL,'1007','100703'),(762,'营养与食品卫生学',NULL,NULL,'1004','100403'),(763,'老年医学',NULL,NULL,'1002','100203'),(764,'病原生物学',NULL,NULL,'1001','100103'),(765,'水声工程',NULL,NULL,'0824','082403'),(766,'水工结构工程',NULL,NULL,'0815','081503'),(767,'市政工程',NULL,NULL,'0814','081403'),(768,'城市规划与设计',NULL,NULL,'0813','081303'),(769,'计算机应用技术',NULL,NULL,'0812','081203'),(770,'系统工程',NULL,NULL,'0811','081103'),(771,'微电子学与固体电子学',NULL,NULL,'0809','080903'),(772,'高电压与绝缘技术',NULL,NULL,'0808','080803'),(773,'动力机械及工程',NULL,NULL,'0807','080703'),(774,'材料加工工程',NULL,NULL,'0805','080503'),(775,'机械制造及其自动化',NULL,NULL,'0802','080201'),(776,'流体力学',NULL,NULL,'0801','080103'),(777,'生理学',NULL,NULL,'0710','071003'),(778,'有机化学',NULL,NULL,'0703','070303'),(779,'原子与分子物理',NULL,NULL,'0702','070203'),(780,'概率论与数理统计',NULL,NULL,'0701','070103'),(781,'法语语言文学',NULL,NULL,'0502','050203'),(782,'汉语言文字学',NULL,NULL,'0501','050103'),(783,'体育教育训练学',NULL,NULL,'0403','040303'),(784,'体育学',NULL,NULL,'04','0403'),(785,'马克思主义中国化研究',NULL,NULL,'0305','030503'),(786,'马克思主义理论',NULL,NULL,'03','0305'),(787,'人类学',NULL,NULL,'0303','030303'),(788,'宪法学与行政法学',NULL,NULL,'0301','030103'),(789,'财政学',NULL,NULL,'0202','020203'),(790,'经济史',NULL,NULL,'0201','020103'),(791,'外国哲学',NULL,NULL,'0101','010103'),(792,'材料成型及控制工程',NULL,NULL,'0802','ID574811'),(793,'社会医学与卫生事业管理',NULL,NULL,'1204','120402'),(794,'企业管理',NULL,NULL,'1202','120202'),(795,'药剂学',NULL,NULL,'1007','100702'),(796,'中西医结合临床',NULL,NULL,'1006','100602'),(797,'劳动卫生与环境卫生学',NULL,NULL,'1004','100402'),(798,'口腔临床医学',NULL,NULL,'1003','100302'),(799,'儿科学',NULL,NULL,'1002','100202'),(800,'免疫学',NULL,NULL,'1001','100102'),(801,'环境工程',NULL,NULL,'0830','083002'),(802,'轮机工程',NULL,NULL,'0824','082402'),(803,'水力学及河流动力学',NULL,NULL,'0815','081502'),(804,'结构工程',NULL,NULL,'0814','081402'),(805,'建筑设计及其理论',NULL,NULL,'0813','081302'),(806,'计算机软件与理论',NULL,NULL,'0812','081202'),(807,'检测技术与自动化装置',NULL,NULL,'0811','081102'),(808,'信号与信息处理',NULL,NULL,'0810','081002'),(809,'电路与系统',NULL,NULL,'0809','080902'),(810,'电力系统及其自动化',NULL,NULL,'0808','080802'),(811,'热能工程',NULL,NULL,'0807','080702'),(812,'材料学',NULL,NULL,'0805','080502'),(813,'固体力学',NULL,NULL,'0801','080102'),(814,'动物学',NULL,NULL,'0710','071002'),(815,'分析化学',NULL,NULL,'0703','070302'),(816,'粒子物理与原子核物理',NULL,NULL,'0702','070202'),(817,'计算数学',NULL,NULL,'0701','070102'),(818,'传播学',NULL,NULL,'0503','050302'),(819,'俄语语言文学',NULL,NULL,'0502','050202'),(820,'语言学与应用语言学',NULL,NULL,'0501','050102'),(821,'中国语言文学',NULL,NULL,'05','0501'),(822,'运动人体科学',NULL,NULL,'0403','040302'),(823,'马克思主义发展史',NULL,NULL,'0305','030502'),(824,'人口学',NULL,NULL,'0303','030302'),(825,'法律史',NULL,NULL,'0301','030102'),(826,'区域经济学',NULL,NULL,'0202','020202'),(827,'经济思想史',NULL,NULL,'0201','020102'),(828,'中国哲学',NULL,NULL,'0101','010102'),(829,'工业设计',NULL,NULL,'0802','ID627518'),(830,'设计艺术学',NULL,NULL,'1305','130501'),(831,'行政管理',NULL,NULL,'1204','120401'),(832,'会计学',NULL,NULL,'1202','120201'),(833,'药物化学',NULL,NULL,'1007','100701'),(834,'中西医结合基础',NULL,NULL,'1006','100601'),(835,'流行病与卫生统计学',NULL,NULL,'1004','100401'),(836,'口腔基础医学',NULL,NULL,'1003','100301'),(837,'内科学',NULL,NULL,'1002','100201'),(838,'人体解剖与组织胚胎学',NULL,NULL,'1001','100101'),(839,'环境科学',NULL,NULL,'0830','083001'),(840,'船舶与海洋结构物设计制造',NULL,NULL,'0824','082401'),(841,'水文学及水资源',NULL,NULL,'0815','081501'),(842,'岩土工程',NULL,NULL,'0814','081401'),(843,'建筑历史与理论',NULL,NULL,'0813','081301'),(844,'计算机系统结构',NULL,NULL,'0812','081201'),(845,'控制理论与控制工程',NULL,NULL,'0811','081101'),(846,'通信与信息系统',NULL,NULL,'0810','081001'),(847,'物理电子学',NULL,NULL,'0809','080901'),(848,'电机与电器',NULL,NULL,'0808','080801'),(849,'工程热物理',NULL,NULL,'0807','080701'),(850,'材料物理与化学',NULL,NULL,'0805','080501'),(851,'一般力学与力学基础',NULL,NULL,'0801','080101'),(852,'植物学',NULL,NULL,'0710','071001'),(853,'无机化学',NULL,NULL,'0703','070301'),(854,'理论物理',NULL,NULL,'0702','070201'),(855,'基础数学',NULL,NULL,'0701','070101'),(856,'新闻学',NULL,NULL,'0503','050301'),(857,'英语语言文学',NULL,NULL,'0502','050201'),(858,'外国语言文学',NULL,NULL,'05','0502'),(859,'文艺学',NULL,NULL,'0501','050101'),(860,'体育人文社会学',NULL,NULL,'0403','040301'),(861,'马克思主义基本原理',NULL,NULL,'0305','030501'),(862,'社会学',NULL,NULL,'0303','030301'),(863,'法学理论',NULL,NULL,'0301','030101'),(864,'国民经济学',NULL,NULL,'0202','020201'),(865,'政治经济学',NULL,NULL,'0201','020101'),(866,'理论经济学',NULL,NULL,'02','0201'),(867,'马克思主义哲学',NULL,NULL,'0101','010101'),(868,'哲学',NULL,NULL,'01','0101'),(869,'工业工程',NULL,NULL,'12','ID818992'),(870,'过程装备与控制工程',NULL,NULL,'0802','ID671215'),(871,'新闻传播学',NULL,NULL,'05','0503'),(872,'应用经济学',NULL,NULL,'02','0202');
/*!40000 ALTER TABLE `subject` ENABLE KEYS */;
UNLOCK TABLES;

--
-- Table structure for table `teacher`
--

DROP TABLE IF EXISTS `teacher`;
/*!40101 SET @saved_cs_client     = @@character_set_client */;
/*!40101 SET character_set_client = utf8 */;
CREATE TABLE `teacher` (
  `id` int(11) NOT NULL AUTO_INCREMENT,
  `name` varchar(128) DEFAULT NULL,
  `email` varchar(256) CHARACTER SET latin1 DEFAULT NULL,
  `honor` text,
  `address` text,
  `phone` varchar(128) CHARACTER SET latin1 DEFAULT NULL,
  `introduction` text,
  `college_name` text,
  `lab` text,
  `lab_introduction` text,
  `subject_name` text,
  `img` text CHARACTER SET latin1,
  `is_tutor` tinyint(1) DEFAULT '0',
  `is_dtutor` tinyint(1) DEFAULT '0',
  `tid` int(11) DEFAULT NULL COMMENT 'the id in teacher homepage',
  `degree` text,
  `prorank` varchar(256) DEFAULT NULL,
  `homepage` text CHARACTER SET latin1,
  `lab_website` text CHARACTER SET latin1,
  `lab_id` int(11) DEFAULT NULL,
  `lab_pintroductionlink` text COMMENT 'the introduction of the teacher in lab website',
  PRIMARY KEY (`id`)
) ENGINE=InnoDB AUTO_INCREMENT=72 DEFAULT CHARSET=utf8 COMMENT='教师表';
/*!40101 SET character_set_client = @saved_cs_client */;

--
-- Dumping data for table `teacher`
--

LOCK TABLES `teacher` WRITE;
/*!40000 ALTER TABLE `teacher` DISABLE KEYS */;
INSERT INTO `teacher` VALUES (2,'单斌','bshan@mail.hust.edu.cn','',NULL,'027-87557063','单斌，男，1978年9月生，浙江宁波人。华中科技大学料学院教授、博士生导师，兼任德州大学达拉斯分校材料系客座教授，中科院宁波材料所客座研究员，材料科学与技术系副系主任。教育部新世纪优秀人才支持计划获得者，湖北省首届“百人计划”专家。美国材料学会会员。','材料科学与工程学院','先进材料设计实验室门户网站','先进材料设计课题组的最大特色是跨学科的科研体系以及理论模拟与实验的有机结合。课题组的研究方向主要包括微纳制造、跨尺度的理论模拟、催化剂的可控制备技术、功能梯度材料的3D打印及设备开发等。目前课题组承担和参与国家自然科学基金、国家重大科学研究计划青年科学家专题、教育部创新团队、湖北省杰出青年、国家重点实验室自主项目、国际企业技术开发合作等项目。\n\n课题组目前共有教师3名，博士生和硕士生数十名，已经形成了一支活力蓬勃、奋发向上的年青队伍，欢迎有机械制造、机械电子、物理、材料、计算机及学科交叉背景的同学踊跃加入！欢迎来函 lab.amd@gmail.com询问','材料学  材料物理与化学','/__local/6/5F/B0/5592B09C0746E93ED60B5C07710_13F1B7FF_5FF5.jpg',0,0,25713,NULL,'教授','/shanbin/zh_CN/index.htm','http://lamd.hust.edu.cn/',1,'http://lamd.hust.edu.cn/info/1018/1049.htm'),(4,'陈蓉','rongchen@mail.hust.edu.cn','',NULL,NULL,'陈蓉，女，1978年8月出生。教授，博导。中国科学技术大学获得学士学位，美国斯坦福大学（Stanford）硕士、博士学位。曾在美国应用材料公司及英特尔研究院担任高级技术职务。教育部“新世纪人才支持计划”获得者，973青年项目首席科学家。 担任国家973国家重大科学研究计划--青年科学家专题项目首席科学家，主持国家自然科学基金项目。围绕着原子层沉积、纳米颗粒制备、薄膜工艺与设备开发，承担了多项新能源与微电子相关项目的研究，是选择性原子层沉积技术的先驱者之一。获美国半导体研究协会Simon Karecki奖、首届德州仪器微电子领域女性领袖奖、英特尔研究院杰出执行和创新实践奖等。所在团队2008年获得Frost & Sullivan北美先进海量存储芯片方案技术创新奖，AlwaysOn 全球250入选杰出团队，以及美国英特尔公司加利福尼亚技术制造部门奖等一系列荣誉称号。在Advanced Materials, ACS Nano, Energy & Environmental Science等国际知名期刊上发表论文30余篇；微纳制造领域发明专利14项，其中5项为美国专利，3项国际专利；主编撰写“十二.五”重点出版物一部；在相关领域的国际学术会议作特邀报告及其他报告40余次。 中国硅酸盐学会薄膜与涂层分会理事、中国机械工程学会高级会员、中国真空学会高级会员、PM2.5污染治理示范工程研讨组成员，美国IEEE、MRS、APS、ACS、ECS学会会员；美国劳伦斯-伯克利国家实验室开放基金特邀专家评审组成员，曾担任英特尔风险投资部门纳米材料及新能源技术顾问及学术基金部门顾问；担任ACS Nano、Applied Physics Letters、Journal of Applied Physics等国际权威期刊审稿人；担任美国NSF和中国NSFC基金评委、国家科学技术奖评委、国际科技合作专家等。','机械科学与工程学院','先进材料设计实验室门户网站','先进材料设计课题组的最大特色是跨学科的科研体系以及理论模拟与实验的有机结合。课题组的研究方向主要包括微纳制造、跨尺度的理论模拟、催化剂的可控制备技术、功能梯度材料的3D打印及设备开发等。目前课题组承担和参与国家自然科学基金、国家重大科学研究计划青年科学家专题、教育部创新团队、湖北省杰出青年、国家重点实验室自主项目、国际企业技术开发合作等项目。\n\n课题组目前共有教师3名，博士生和硕士生数十名，已经形成了一支活力蓬勃、奋发向上的年青队伍，欢迎有机械制造、机械电子、物理、材料、计算机及学科交叉背景的同学踊跃加入！欢迎来函 lab.amd@gmail.com询问','机械电子工程  材料学 ','/__local/4/D3/74/BC9625D7CAF2F4BC6B136268F5E_4F836D86_54A5.jpg',0,0,25712,NULL,'教授','/chenrong2/zh_CN/index.htm','http://lamd.hust.edu.cn/',1,'http://lamd.hust.edu.cn/info/1018/1048.htm'),(5,'文艳伟','','',NULL,NULL,'文艳伟博士长期从事计算材料学的研究，熟悉第一性原理计算、分子动力学以及非平衡格林函数法等理论理论和方法，并运用这些方法探索和研究碳材料以及金属氧化物在能源材料以及催化领域的应用，目前已在相关领域的著名期刊如Nat. Commun.,Appl. Phys. Lett., J. Phys. Chem. C, J. Appl. Phys.等上发表SCI论文30余篇。 目前以负责人身份主持国家自然科学青年科学基金1项、中国博士后科学基金1项、华中科技大学自主创新项目1项，参与了国家重大科学研究计划青年科学家专题、教育部创新团队、国家自然科学基金等项目。','材料科学与工程学院','先进材料设计实验室门户网站','先进材料设计课题组的最大特色是跨学科的科研体系以及理论模拟与实验的有机结合。课题组的研究方向主要包括微纳制造、跨尺度的理论模拟、催化剂的可控制备技术、功能梯度材料的3D打印及设备开发等。目前课题组承担和参与国家自然科学基金、国家重大科学研究计划青年科学家专题、教育部创新团队、湖北省杰出青年、国家重点实验室自主项目、国际企业技术开发合作等项目。\n\n课题组目前共有教师3名，博士生和硕士生数十名，已经形成了一支活力蓬勃、奋发向上的年青队伍，欢迎有机械制造、机械电子、物理、材料、计算机及学科交叉背景的同学踊跃加入！欢迎来函 lab.amd@gmail.com询问','材料学','/__local/C/1B/4E/7926C68606538A474B06DF8466D_4F97F4E3_A8C1.jpg',0,0,31092,NULL,'副教授','/wenyanwei/zh_CN/index.htm','http://lamd.hust.edu.cn/',1,'http://lamd.hust.edu.cn/info/1018/1047.htm'),(6,'冯光','','',NULL,NULL,'1980年9月生，华中科技大学教授、博士生导师。近十年来，本人围绕能源生产和利用中存在的微纳尺度界面与传输现象开展了系列工作，特别是通过研究新型储能装置——超级电容器中固液界面（即微/纳米尺度下的双电层）的结构/动态特性和电解质溶液分子/离子的传输及其受电压驱动/温度变化的影响等，在探索新型储能装置的储能机理及其优化设计方面，取得了一些创新性成果。这些研究工作不仅是工程热物理与能源利用领域的重要方向之一，并且具有与物理、化学、材料、环境等方向综合交叉的学科特点。本人通过研究与新型储能技术和能源材料应用紧密相关的界面和传输现象，已发表SCI期刊论文34篇（第一或通讯作者26篇，平均影响因子过6，包括Nano Letters，Advanced Energy Materials，ACS Nano，Nano Energy等影响因子过10的5篇论文，见表1.1；邀请论文3篇），被Chemical Reviews、Nature Materials、Nature Communications、PNAS、JACS、PRL等60多种期刊他引>700次；单篇一作论文他引最高87次；H因子13；应Wiley-VCH、Springer和Taylor & Francis三个出版社的邀请，撰写书目3章(一作2章)。积极参加国际学术会议和论坛，加强与业内世界一流学者之间的学术交流；2014年被提名成为美国科学研究学会Sigma Xi会员；受邀在国际大会上作报告7次；担任十多种国际学术期刊（JACS，Nanoscale，J. Phys. Chem. Lett.，J. Mater. Chem.等）的审稿人和国际学术会议分会主席（4th International Symposium on Energy Challenges and Mechanics、The International Conference on Small Science）。','能源与动力工程学院','先进材料设计实验室门户网站','先进材料设计课题组的最大特色是跨学科的科研体系以及理论模拟与实验的有机结合。课题组的研究方向主要包括微纳制造、跨尺度的理论模拟、催化剂的可控制备技术、功能梯度材料的3D打印及设备开发等。目前课题组承担和参与国家自然科学基金、国家重大科学研究计划青年科学家专题、教育部创新团队、湖北省杰出青年、国家重点实验室自主项目、国际企业技术开发合作等项目。\n\n课题组目前共有教师3名，博士生和硕士生数十名，已经形成了一支活力蓬勃、奋发向上的年青队伍，欢迎有机械制造、机械电子、物理、材料、计算机及学科交叉背景的同学踊跃加入！欢迎来函 lab.amd@gmail.com询问','热能工程  工程热物理 ','/__local/5/6B/92/DAC3E3CC79FD3A4E0B7790C7219_7DFE10DB_7DFC.png',0,0,31064,NULL,'教授','/fengguang/zh_CN/index.htm','http://lamd.hust.edu.cn/',1,'http://lamd.hust.edu.cn/info/1018/1045.htm'),(7,'李松','','',NULL,NULL,'女，安徽人，出生于1983 年，2013 年“国家优秀自费留学生奖学金”获得者。2006 年 6 月本科毕业于山东大学生物技术系，2009 年 2 月毕业于韩国成均馆大学化工系,获 工学硕士学位。2009年 8 月开始在美国范德堡大学化工系攻读博士学位,师从 Peter T. Cummings 教授。博士期间在美国能源部下辖、美国橡树岭国家实验室主导的 FIRST 能 源前沿研究中心从事研究工作,于 2014 年获得博士学位, 并获得范德堡大学化工系博士研究生杰出科研奖。2014 年 3 月,在美国西北大学从事全球 气候与能源项目的博士后工作, 主要研究金属-有机物骨架（Metal-Organic Frameworks，MOFs）在气体吸附、分离和储存领域的应用，合作导师Randall Snurr教授。2015年8月入职华中科技大学。','能源与动力工程学院','先进材料设计实验室门户网站','先进材料设计课题组的最大特色是跨学科的科研体系以及理论模拟与实验的有机结合。课题组的研究方向主要包括微纳制造、跨尺度的理论模拟、催化剂的可控制备技术、功能梯度材料的3D打印及设备开发等。目前课题组承担和参与国家自然科学基金、国家重大科学研究计划青年科学家专题、教育部创新团队、湖北省杰出青年、国家重点实验室自主项目、国际企业技术开发合作等项目。\n\n课题组目前共有教师3名，博士生和硕士生数十名，已经形成了一支活力蓬勃、奋发向上的年青队伍，欢迎有机械制造、机械电子、物理、材料、计算机及学科交叉背景的同学踊跃加入！欢迎来函 lab.amd@gmail.com询问','工程热物理','/__local/F/C5/26/5C417A112348DEEE6FF032AA5C7_90C35AD4_902F.jpg',0,0,35439,NULL,'副教授','/lisong/zh_CN/index.htm','http://lamd.hust.edu.cn/',1,'http://lamd.hust.edu.cn/info/1018/1044.htm'),(8,'邹复好','fuhao_zou@hust.edu.cn','','华中科技大学老保卫处101',NULL,'','计算机科学与技术学院','智能与嵌入式计算实验室','智能与嵌入式计算实验室依托“图像信息处理与智能控制教育部重点实验室”和计算机学院数字媒体研究所，主要从事人工智能与嵌入式计算理论研究，主要研究方向有深度学习、计算机视觉、监控视频大数据分析、高维数据索引和深度边缘计算（将深度学习算法移植到ARM+DSP、ARM+FPGA和ARM+GPU等嵌入式平台），知识图谱与自动问答。目前训练的深度人脸模型在国际公开人脸验证数据集LFW和人脸识别数据集Megaface上的准确性分别为99.48%和83.16%，处于国际一流水平。基于哈希技术构建的大规模索引已应用于大规模人脸检索，在亿级数据上可以达到毫秒级响应。获得湖北省科技进步一等奖1项、中国电子学会科技进步一等奖1项。在计算机顶级会议和学术期刊上发表高档次论文70余篇。','计算机应用技术','/__local/5/AA/7D/8E4B583C4BEEE54AD251F86E4F7_AA9308B3_8E14.jpg',0,0,23477,NULL,'副教授','/zoufuhao/zh_CN/index.htm','http://iec.cs.hust.edu.cn/',79,'http://iec.cs.hust.edu.cn/ry/gdyjry.htm'),(9,'李开','likai@hust.edu.cn','','华中科技大学老保卫处101',NULL,'','计算机科学与技术学院','智能与嵌入式计算实验室','智能与嵌入式计算实验室依托“图像信息处理与智能控制教育部重点实验室”和计算机学院数字媒体研究所，主要从事人工智能与嵌入式计算理论研究，主要研究方向有深度学习、计算机视觉、监控视频大数据分析、高维数据索引和深度边缘计算（将深度学习算法移植到ARM+DSP、ARM+FPGA和ARM+GPU等嵌入式平台），知识图谱与自动问答。目前训练的深度人脸模型在国际公开人脸验证数据集LFW和人脸识别数据集Megaface上的准确性分别为99.48%和83.16%，处于国际一流水平。基于哈希技术构建的大规模索引已应用于大规模人脸检索，在亿级数据上可以达到毫秒级响应。获得湖北省科技进步一等奖1项、中国电子学会科技进步一等奖1项。在计算机顶级会议和学术期刊上发表高档次论文70余篇。','计算机应用技术','',0,0,20280,NULL,'讲师','/likai1/zh_CN/index.htm','http://iec.cs.hust.edu.cn/',79,'http://iec.cs.hust.edu.cn/ry/gdyjry.htm'),(10,'卢萍','luping06@hust.edu.cn','','华中科技大学老保卫处101',NULL,'','计算机科学与技术学院','智能与嵌入式计算实验室','智能与嵌入式计算实验室依托“图像信息处理与智能控制教育部重点实验室”和计算机学院数字媒体研究所，主要从事人工智能与嵌入式计算理论研究，主要研究方向有深度学习、计算机视觉、监控视频大数据分析、高维数据索引和深度边缘计算（将深度学习算法移植到ARM+DSP、ARM+FPGA和ARM+GPU等嵌入式平台），知识图谱与自动问答。目前训练的深度人脸模型在国际公开人脸验证数据集LFW和人脸识别数据集Megaface上的准确性分别为99.48%和83.16%，处于国际一流水平。基于哈希技术构建的大规模索引已应用于大规模人脸检索，在亿级数据上可以达到毫秒级响应。获得湖北省科技进步一等奖1项、中国电子学会科技进步一等奖1项。在计算机顶级会议和学术期刊上发表高档次论文70余篇。','计算机系统结构  计算机应用技术','/__local/C/FD/6C/90F1499E063EC1862B7F896F39B_42ABD0E4_33BE.jpg',0,0,4967,NULL,'副教授','/luping/zh_CN/index.htm','http://iec.cs.hust.edu.cn/',79,'http://iec.cs.hust.edu.cn/ry/gdyjry.htm'),(11,'阳富民','yangfm@hust.edu.cn','','湖北省武汉市洪山区珞瑜路1037号,华中科技大学南一楼西南501室','13607137953','1987年获得华中科技大学计算机系软件专业学士学位，1990年获得华中科技大学计算机系计算机软件专业硕士学位，1997年晋升教授。 作为主要研制者和主要技术负责人之一，完成多项国防预研、863、自然科学基金、横向合作课题。曾获教育部科技进步二等奖、武汉市科技进步三等奖。在核心期刊发表论文多篇，现主要从事嵌入式系统的研究。\n\n','计算机科学与技术学院','代数据工程与实时计算实验室','华中科技大学现代数据工程与实时计算（ADE）实验室成立于1994年，实验室主任李国徽教授。ADE实验室由一支年龄结构和知识结构合理，能团结协作的一支教师队伍组成。现有教授2名、副教授6名、讲师7名、博士后1名，全部具有博士或硕士学位。目前，ADE实验室已毕业博士研究生50余人，毕业硕士研究生200余人。ADE实验室现主要从事数据工程、软件工程、实时计算、人工智能与知识发现等方面的研究。实验室每年有稳定的国家项目和企业重大应用项目的支持，每年科研经费共计约500万元，在华中科技大学计算机学院所有课题组中名列前茅。实验室每年在国际顶级会议及期刊上发表研究成果，在国内国际有较好的学术影响。实验室致力于为学生创造良好的科研环境。\n\n实验室秉承“明德、厚学、求是、创新”的华科大精神，倡导“专心致志做事，自由自在做人”的原则，不断开拓进取，勇攀科学高峰，致力成为国内一流、国际知名的研发团队和人才培养基地。\n\n','计算机应用技术','/__local/8/6B/E7/D985B8359A039F12549006B411C_87B51493_31C6.jpg',0,0,7101,NULL,'教授','/yangfumin/zh_CN/index.htm','http://ade.cs.hust.edu.cn/',80,NULL),(12,'胡贯荣','hugr@hust.edu.cn','','湖北省武汉市洪山区珞瑜路1037号,华中科技大学南一楼西南501室','13971599702','','计算机科学与技术学院','代数据工程与实时计算实验室','华中科技大学现代数据工程与实时计算（ADE）实验室成立于1994年，实验室主任李国徽教授。ADE实验室由一支年龄结构和知识结构合理，能团结协作的一支教师队伍组成。现有教授2名、副教授6名、讲师7名、博士后1名，全部具有博士或硕士学位。目前，ADE实验室已毕业博士研究生50余人，毕业硕士研究生200余人。ADE实验室现主要从事数据工程、软件工程、实时计算、人工智能与知识发现等方面的研究。实验室每年有稳定的国家项目和企业重大应用项目的支持，每年科研经费共计约500万元，在华中科技大学计算机学院所有课题组中名列前茅。实验室每年在国际顶级会议及期刊上发表研究成果，在国内国际有较好的学术影响。实验室致力于为学生创造良好的科研环境。\n\n实验室秉承“明德、厚学、求是、创新”的华科大精神，倡导“专心致志做事，自由自在做人”的原则，不断开拓进取，勇攀科学高峰，致力成为国内一流、国际知名的研发团队和人才培养基地。\n\n','计算机应用技术','/__local/A/45/98/EE477C2209706A7408CC0A92C4C_4B937D2C_5814.png',0,0,16695,NULL,'副教授','/huguanrong/zh_CN/index.htm','http://ade.cs.hust.edu.cn/',80,NULL),(13,'李剑军','jianjunli@hust.edu.cn','','湖北省武汉市洪山区珞瑜路1037号,华中科技大学南一楼西南501室','027-87543104','李剑军，副教授，博士生导师，2012年6月毕业于华中科技大学计算机学院，获工学博士学位，博士论文于2013年获湖北省优秀博士论文奖。主要研究方向包括信息物理系统、实时计算、机器学习、深度学习、移动计算、时空数据管理等。博士就读期间曾先后在香港科技大学、香港城市大学从事研究助理工作。博士毕业后在华中科技大学从事博士后研究工作。目前已在知名国际学术会议和期刊发表论文三十余篇，主要发表在RTSS, IEEE TC, TMC, TPDS, TVT, ACM TECS, Information Sciences, Information Systems等。  \n\n','计算机科学与技术学院','代数据工程与实时计算实验室','华中科技大学现代数据工程与实时计算（ADE）实验室成立于1994年，实验室主任李国徽教授。ADE实验室由一支年龄结构和知识结构合理，能团结协作的一支教师队伍组成。现有教授2名、副教授6名、讲师7名、博士后1名，全部具有博士或硕士学位。目前，ADE实验室已毕业博士研究生50余人，毕业硕士研究生200余人。ADE实验室现主要从事数据工程、软件工程、实时计算、人工智能与知识发现等方面的研究。实验室每年有稳定的国家项目和企业重大应用项目的支持，每年科研经费共计约500万元，在华中科技大学计算机学院所有课题组中名列前茅。实验室每年在国际顶级会议及期刊上发表研究成果，在国内国际有较好的学术影响。实验室致力于为学生创造良好的科研环境。\n\n实验室秉承“明德、厚学、求是、创新”的华科大精神，倡导“专心致志做事，自由自在做人”的原则，不断开拓进取，勇攀科学高峰，致力成为国内一流、国际知名的研发团队和人才培养基地。\n\n','计算机软件与理论','/__local/4/C6/7A/35803770573A263914D9C57E7A1_A839FE9D_FD2.jpg',0,0,37718,NULL,'副教授','/lijianjun1/zh_CN/index.htm','http://ade.cs.hust.edu.cn/',80,NULL),(14,'潘鹏','panpeng@hust.edu.cn','','湖北省武汉市洪山区珞瑜路1037号,华中科技大学南一楼西南501室','027-87556601','','计算机科学与技术学院','代数据工程与实时计算实验室','华中科技大学现代数据工程与实时计算（ADE）实验室成立于1994年，实验室主任李国徽教授。ADE实验室由一支年龄结构和知识结构合理，能团结协作的一支教师队伍组成。现有教授2名、副教授6名、讲师7名、博士后1名，全部具有博士或硕士学位。目前，ADE实验室已毕业博士研究生50余人，毕业硕士研究生200余人。ADE实验室现主要从事数据工程、软件工程、实时计算、人工智能与知识发现等方面的研究。实验室每年有稳定的国家项目和企业重大应用项目的支持，每年科研经费共计约500万元，在华中科技大学计算机学院所有课题组中名列前茅。实验室每年在国际顶级会议及期刊上发表研究成果，在国内国际有较好的学术影响。实验室致力于为学生创造良好的科研环境。\n\n实验室秉承“明德、厚学、求是、创新”的华科大精神，倡导“专心致志做事，自由自在做人”的原则，不断开拓进取，勇攀科学高峰，致力成为国内一流、国际知名的研发团队和人才培养基地。\n\n','计算机软件与理论','/__local/E/22/25/88B67A4D40E34D22D203E487424_B8FFCDC2_D194.jpg',0,0,18097,NULL,'副教授','/panpeng1/zh_CN/index.htm','http://ade.cs.hust.edu.cn/',80,NULL),(15,'瞿彬彬','bbqu@hust.edu.cn','','湖北省武汉市洪山区珞瑜路1037号,华中科技大学南一楼西南501室','18064069660','','计算机科学与技术学院','代数据工程与实时计算实验室','华中科技大学现代数据工程与实时计算（ADE）实验室成立于1994年，实验室主任李国徽教授。ADE实验室由一支年龄结构和知识结构合理，能团结协作的一支教师队伍组成。现有教授2名、副教授6名、讲师7名、博士后1名，全部具有博士或硕士学位。目前，ADE实验室已毕业博士研究生50余人，毕业硕士研究生200余人。ADE实验室现主要从事数据工程、软件工程、实时计算、人工智能与知识发现等方面的研究。实验室每年有稳定的国家项目和企业重大应用项目的支持，每年科研经费共计约500万元，在华中科技大学计算机学院所有课题组中名列前茅。实验室每年在国际顶级会议及期刊上发表研究成果，在国内国际有较好的学术影响。实验室致力于为学生创造良好的科研环境。\n\n实验室秉承“明德、厚学、求是、创新”的华科大精神，倡导“专心致志做事，自由自在做人”的原则，不断开拓进取，勇攀科学高峰，致力成为国内一流、国际知名的研发团队和人才培养基地。\n\n','计算机软件与理论','http://ade.cs.hust.edu.cn/__local/9/69/0F/449DE38EDF7B4376DCBB0F70DA4_0A6336EE_AAF0.jpg',0,0,8745,NULL,'副教授','/jubinbin/zh_CN/index.htm','http://ade.cs.hust.edu.cn/',80,NULL),(16,'袁凌','cherryyuanling@hust.edu.cn','','湖北省武汉市洪山区珞瑜路1037号,华中科技大学南一楼西南501室','15871383052','本科和研究生均毕业于武汉大学计算机学院，博士毕业于新加坡国立大学计算机学院。现正招收研发“网络异构多源数据的抓取、融合、热点分析”的人才，欢迎对这个研究方向有兴趣的研究生报考！','计算机科学与技术学院','代数据工程与实时计算实验室','华中科技大学现代数据工程与实时计算（ADE）实验室成立于1994年，实验室主任李国徽教授。ADE实验室由一支年龄结构和知识结构合理，能团结协作的一支教师队伍组成。现有教授2名、副教授6名、讲师7名、博士后1名，全部具有博士或硕士学位。目前，ADE实验室已毕业博士研究生50余人，毕业硕士研究生200余人。ADE实验室现主要从事数据工程、软件工程、实时计算、人工智能与知识发现等方面的研究。实验室每年有稳定的国家项目和企业重大应用项目的支持，每年科研经费共计约500万元，在华中科技大学计算机学院所有课题组中名列前茅。实验室每年在国际顶级会议及期刊上发表研究成果，在国内国际有较好的学术影响。实验室致力于为学生创造良好的科研环境。\n\n实验室秉承“明德、厚学、求是、创新”的华科大精神，倡导“专心致志做事，自由自在做人”的原则，不断开拓进取，勇攀科学高峰，致力成为国内一流、国际知名的研发团队和人才培养基地。\n\n','计算机软件与理论','/__local/5/6C/B2/A24D69A93E619A2108EC1D1F92B_08D5F6C2_BE1B.jpg',0,0,25033,NULL,'副教授','/yuanling1/zh_CN/index.htm','http://ade.cs.hust.edu.cn/',80,NULL),(17,'郑渤龙','zblchris@gmail.com','','湖北省武汉市洪山区珞瑜路1037号,华中科技大学南一楼西南501室','18310027383','','计算机科学与技术学院','代数据工程与实时计算实验室','华中科技大学现代数据工程与实时计算（ADE）实验室成立于1994年，实验室主任李国徽教授。ADE实验室由一支年龄结构和知识结构合理，能团结协作的一支教师队伍组成。现有教授2名、副教授6名、讲师7名、博士后1名，全部具有博士或硕士学位。目前，ADE实验室已毕业博士研究生50余人，毕业硕士研究生200余人。ADE实验室现主要从事数据工程、软件工程、实时计算、人工智能与知识发现等方面的研究。实验室每年有稳定的国家项目和企业重大应用项目的支持，每年科研经费共计约500万元，在华中科技大学计算机学院所有课题组中名列前茅。实验室每年在国际顶级会议及期刊上发表研究成果，在国内国际有较好的学术影响。实验室致力于为学生创造良好的科研环境。\n\n实验室秉承“明德、厚学、求是、创新”的华科大精神，倡导“专心致志做事，自由自在做人”的原则，不断开拓进取，勇攀科学高峰，致力成为国内一流、国际知名的研发团队和人才培养基地。\n\n','计算机软件与理论','/__local/5/52/76/F8984AFB3A72FF91AA066A9DC83_703BC5D7_4C21.jpg',0,0,49744,NULL,'副教授','/BOLONGZHENG/zh_CN/index.htm','http://ade.cs.hust.edu.cn/',80,NULL),(18,'吴海','hust_wuhai@hust.edu.cn','','湖北省武汉市洪山区珞瑜路1037号,华中科技大学南一楼西南501室','027-87556601','','计算机科学与技术学院','代数据工程与实时计算实验室','华中科技大学现代数据工程与实时计算（ADE）实验室成立于1994年，实验室主任李国徽教授。ADE实验室由一支年龄结构和知识结构合理，能团结协作的一支教师队伍组成。现有教授2名、副教授6名、讲师7名、博士后1名，全部具有博士或硕士学位。目前，ADE实验室已毕业博士研究生50余人，毕业硕士研究生200余人。ADE实验室现主要从事数据工程、软件工程、实时计算、人工智能与知识发现等方面的研究。实验室每年有稳定的国家项目和企业重大应用项目的支持，每年科研经费共计约500万元，在华中科技大学计算机学院所有课题组中名列前茅。实验室每年在国际顶级会议及期刊上发表研究成果，在国内国际有较好的学术影响。实验室致力于为学生创造良好的科研环境。\n\n实验室秉承“明德、厚学、求是、创新”的华科大精神，倡导“专心致志做事，自由自在做人”的原则，不断开拓进取，勇攀科学高峰，致力成为国内一流、国际知名的研发团队和人才培养基地。\n\n','计算机软件与理论','/__local/F/FA/27/8B9B5042D175F9B598F4EB5B2FD_DF04C32E_220B.png',0,0,20175,NULL,'讲师','/wuhai/zh_CN/index.htm','http://ade.cs.hust.edu.cn/',80,NULL),(19,'杨茂林','kylin@hust.edu.cn','','湖北省武汉市洪山区珞瑜路1037号,华中科技大学南一楼西南501室','027-87556601','','计算机科学与技术学院','代数据工程与实时计算实验室','华中科技大学现代数据工程与实时计算（ADE）实验室成立于1994年，实验室主任李国徽教授。ADE实验室由一支年龄结构和知识结构合理，能团结协作的一支教师队伍组成。现有教授2名、副教授6名、讲师7名、博士后1名，全部具有博士或硕士学位。目前，ADE实验室已毕业博士研究生50余人，毕业硕士研究生200余人。ADE实验室现主要从事数据工程、软件工程、实时计算、人工智能与知识发现等方面的研究。实验室每年有稳定的国家项目和企业重大应用项目的支持，每年科研经费共计约500万元，在华中科技大学计算机学院所有课题组中名列前茅。实验室每年在国际顶级会议及期刊上发表研究成果，在国内国际有较好的学术影响。实验室致力于为学生创造良好的科研环境。\n\n实验室秉承“明德、厚学、求是、创新”的华科大精神，倡导“专心致志做事，自由自在做人”的原则，不断开拓进取，勇攀科学高峰，致力成为国内一流、国际知名的研发团队和人才培养基地。\n\n','计算机软件与理论','/__local/7/51/D3/90C9BE3161E5B273DC33C0E37FE_D29A83DA_1BBD.png',0,0,9413,NULL,'讲师','/yangmaolin/zh_CN/index.htm','http://ade.cs.hust.edu.cn/',80,NULL),(20,'张杰','tozhangjie@hust.edu.cn','','湖北省武汉市洪山区珞瑜路1037号,华中科技大学南一楼西南501室','18995600296','','计算机科学与技术学院','代数据工程与实时计算实验室','华中科技大学现代数据工程与实时计算（ADE）实验室成立于1994年，实验室主任李国徽教授。ADE实验室由一支年龄结构和知识结构合理，能团结协作的一支教师队伍组成。现有教授2名、副教授6名、讲师7名、博士后1名，全部具有博士或硕士学位。目前，ADE实验室已毕业博士研究生50余人，毕业硕士研究生200余人。ADE实验室现主要从事数据工程、软件工程、实时计算、人工智能与知识发现等方面的研究。实验室每年有稳定的国家项目和企业重大应用项目的支持，每年科研经费共计约500万元，在华中科技大学计算机学院所有课题组中名列前茅。实验室每年在国际顶级会议及期刊上发表研究成果，在国内国际有较好的学术影响。实验室致力于为学生创造良好的科研环境。\n\n实验室秉承“明德、厚学、求是、创新”的华科大精神，倡导“专心致志做事，自由自在做人”的原则，不断开拓进取，勇攀科学高峰，致力成为国内一流、国际知名的研发团队和人才培养基地。\n\n','计算机应用技术','',0,0,19573,NULL,'讲师','/tozhangjie/zh_CN/index.htm','http://ade.cs.hust.edu.cn/',80,NULL),(21,'周正勇','zhouzhengyong@hust.edu.cn','','湖北省武汉市洪山区珞瑜路1037号,华中科技大学南一楼西南501室','13808631355','','计算机科学与技术学院','代数据工程与实时计算实验室','华中科技大学现代数据工程与实时计算（ADE）实验室成立于1994年，实验室主任李国徽教授。ADE实验室由一支年龄结构和知识结构合理，能团结协作的一支教师队伍组成。现有教授2名、副教授6名、讲师7名、博士后1名，全部具有博士或硕士学位。目前，ADE实验室已毕业博士研究生50余人，毕业硕士研究生200余人。ADE实验室现主要从事数据工程、软件工程、实时计算、人工智能与知识发现等方面的研究。实验室每年有稳定的国家项目和企业重大应用项目的支持，每年科研经费共计约500万元，在华中科技大学计算机学院所有课题组中名列前茅。实验室每年在国际顶级会议及期刊上发表研究成果，在国内国际有较好的学术影响。实验室致力于为学生创造良好的科研环境。\n\n实验室秉承“明德、厚学、求是、创新”的华科大精神，倡导“专心致志做事，自由自在做人”的原则，不断开拓进取，勇攀科学高峰，致力成为国内一流、国际知名的研发团队和人才培养基地。\n\n','','/__local/4/CA/23/516A2BBFF048F98E8872BFAE531_32A7D5FB_3848.jpg',0,0,19012,NULL,'讲师','/zhouzhengyong/zh_CN/index.htm','http://ade.cs.hust.edu.cn/',80,NULL),(22,'周全','quanzhou@hust.edu.cn','','湖北省武汉市洪山区珞瑜路1037号,华中科技大学南一楼西南501室','15871358812','','计算机科学与技术学院','代数据工程与实时计算实验室','华中科技大学现代数据工程与实时计算（ADE）实验室成立于1994年，实验室主任李国徽教授。ADE实验室由一支年龄结构和知识结构合理，能团结协作的一支教师队伍组成。现有教授2名、副教授6名、讲师7名、博士后1名，全部具有博士或硕士学位。目前，ADE实验室已毕业博士研究生50余人，毕业硕士研究生200余人。ADE实验室现主要从事数据工程、软件工程、实时计算、人工智能与知识发现等方面的研究。实验室每年有稳定的国家项目和企业重大应用项目的支持，每年科研经费共计约500万元，在华中科技大学计算机学院所有课题组中名列前茅。实验室每年在国际顶级会议及期刊上发表研究成果，在国内国际有较好的学术影响。实验室致力于为学生创造良好的科研环境。\n\n实验室秉承“明德、厚学、求是、创新”的华科大精神，倡导“专心致志做事，自由自在做人”的原则，不断开拓进取，勇攀科学高峰，致力成为国内一流、国际知名的研发团队和人才培养基地。\n\n','计算机软件与理论','/__local/E/3D/E3/B320D7827881742274CE70D5E58_36ACD3F6_4FB2.jpg',0,0,45906,NULL,'其他','/ZHOUQUAN/zh_CN/index.htm','http://ade.cs.hust.edu.cn/',80,NULL),(23,'李国徽','guohuili@hust.edu.cn','','湖北省武汉市洪山区珞瑜路1037号,华中科技大学南一楼西南501室','027-87543104','李国徽，男，1973年生。华中科技大学计算机科学与技术学院教授，博士，博士生导师，华中科技大学计算机学院副院长，兼任华中科技大学软件学院院长。中国计算机学会高级会员，全国数据库专委会委员，湖北省计算机学会理事，武汉市软件工程学会副理事长。\n   2009年入选教育部“新世纪优秀人才”计划。1999年7月毕业于华中科技大学（原华中理工大学）计算机学院，获博士学位。2004年破格评为教授。2000.10-2001.10在香港城市大学做高级访问学者。','软件学院','代数据工程与实时计算实验室','华中科技大学现代数据工程与实时计算（ADE）实验室成立于1994年，实验室主任李国徽教授。ADE实验室由一支年龄结构和知识结构合理，能团结协作的一支教师队伍组成。现有教授2名、副教授6名、讲师7名、博士后1名，全部具有博士或硕士学位。目前，ADE实验室已毕业博士研究生50余人，毕业硕士研究生200余人。ADE实验室现主要从事数据工程、软件工程、实时计算、人工智能与知识发现等方面的研究。实验室每年有稳定的国家项目和企业重大应用项目的支持，每年科研经费共计约500万元，在华中科技大学计算机学院所有课题组中名列前茅。实验室每年在国际顶级会议及期刊上发表研究成果，在国内国际有较好的学术影响。实验室致力于为学生创造良好的科研环境。\n\n实验室秉承“明德、厚学、求是、创新”的华科大精神，倡导“专心致志做事，自由自在做人”的原则，不断开拓进取，勇攀科学高峰，致力成为国内一流、国际知名的研发团队和人才培养基地。\n\n','计算机软件与理论','/__local/F/7F/00/CA2D324125F5BCEF1326357B6FC_D24F365A_63D2.jpg',0,0,18724,NULL,'教授','/liguohui/zh_CN/index.htm','http://ade.cs.hust.edu.cn/',80,'http://ade.cs.hust.edu.cn/sysgk/zrjj.htm'),(24,'魏巍','weiw@hust.edu.cn','','湖北省武汉市华中科技大学南一楼计算机学院','18827440253','副教授,海归博士后,博士生导师,2012年博士毕业于华中科技大学计算机学院。现任华中科技大学计算机学院认知计算与智能信息处理（CCIIP）实验室/华科-容联人工智能联合（Hero）实验室主任。主要研究方向包括信息检索、数据挖掘(文本挖掘/社交媒体分析与挖掘)、自然语言处理、机器学习、人工智能、推荐系统等。博士就读期间先后在微软亚洲研究院，新加坡南洋理工大学以及新加坡国立大学从事科学研究工作。2012年博士毕业后分别在新加坡南洋理工大学及新加坡管理大学从事博士后研究工作。应邀担任IEEE TKDE、IEEE TC、Information Science、Pattern Recognition、中国计算机学报等重要学术期刊审稿人，应邀担任ADMA\'17, IJCAI\'18，AAAI\'19，IJCAI\'19，ACL\'19，ENMLP\'19, CIKM\'19, NLPCC\'19, AAAI\'20, ACL\'20等国际学术会议PC Member。','计算机科学与技术学院','认知计算与智能信息处理实验室','华中科技大学“认知计算与智能信息处理实验室”依托于计算机学院，拥有自由开放的学术氛围和国际前沿的研究方向。主要从事认知科学与智能信息处理的交叉与结合研究，包括基于人工智能技术的自然语言处理与图像处理的理论与方法，算法设计与复杂性分析、形式化方法与具体应用研究等。主要研究方向包括信息检索、文本数据挖掘、自然语言处理、图像处理、机器学习、人工智能、推荐系统及社交媒体分析等。\n\n实验室具备实力雄厚的师资力量、充满活力的科研团队以及良好的硬件设施环境。实验室参与承担了多项国家科研项目，包括国家高技术研究发展计划（863计划），国家自然科学基金项目，湖北省自然科学基金等。此外，实验室还和政府、多家企业达成项目合作。\n\n实验室发表国内外期刊论文及国际学术会议论文二十余篇，实验室坚持开放与联合，与IT企业保持着密切合作，建立了华科-容联人工智能联合（Hero）实验室等。\n\n实验室秉承“明德、厚学、求是、创新”的华科大精神，倡导“天行健，君子以自强不息；地势坤，君子以厚德载物”的原则，不断开拓进取，勇攀科学高峰，致力成为国际一流研发团队和人才培养基地。','计算机应用技术  计算机软件与理论','/__local/0/97/C4/723A49A3B956B57FC987AB19925_DAEC237E_C649.png',0,0,35508,NULL,'副教授','/weiw/zh_CN/index.htm','http://cciip.cs.hust.edu.cn/',81,'http://cciip.cs.hust.edu.cn/sysgk.htm'),(25,'李瑞轩','rxli@hust.edu.cn','','武汉市洪山区珞瑜路1037号 华中科技大学南一楼442室','027-8754 4285','华中科技大学计算机学院教授，博士，博士生导师，华中科技大学计算机科学与技术学院并行分布式计算研究所副所长，华中科技大学智能与分布计算实验室主任，加拿大康考迪亚大学兼职副教授，澳大利亚西悉尼大学兼职高级研究员。1997、2000和2004年分别在华中科技大学计算机学院获学士、硕士和博士学位，2005年赴澳大利亚西悉尼大学进行访问研究，2009-2010年赴加拿大多伦多大学进行访问研究。现为IEEE和ACM会员，中国计算机学会高级会员，中国计算机学会开放系统专委、办公自动化专委、系统软件专委委员，YOCSEF武汉论坛副主席，湖北省计算机学会理事，湖北省电子政务咨询专家组成员。作为项目负责人主持国家自然科学基金、国家863计划、电子发展基金、国家密码发展基金等项目10余项。在国内外权威刊物发表论文100余篇，出版专著和教材2部，申请发明专利17项，获授权11项，获计算机软件著作权7项，获湖北省技术发明二等奖、湖北省优秀博士学位论文、华中科技大学教学质量优秀奖二等奖等多项奖励。作为副博士生导师指导的博士生获2009年湖北省优秀博士学位论文。目前主要从事分布计算、云计算、信息检索、社会网络、系统安全等方面的研究工作。','计算机科学与技术学院','智能与分布计算实验室','华中科技大学智能与分布计算（IDC）实验室成立于1983年，其前身是华中科技大学计算机系软件工程与系统集成研究室，实验室主任李瑞轩教授，原华中科技大学计算机学院院长卢正鼎教授任实验室名誉主任。。\n\nIDC实验室隶属于华中科技大学计算机科学与技术学院并行分布式计算研究所，是服务计算技术与系统教育部重点实验室、湖北省大数据安全工程技术研究中心的重要组成部分。实验室依托学院的计算机科学与技术一级学科博士学位授予单位、计算机系统结构国家重点学科和计算机软件与理论湖北省重点学科，以集群与网格计算湖北省重点实验室、国家高性能计算中心（武汉）、信息存储国家专业实验室、华中科技大学IBM技术中心为后盾，拥有自由开放的学术氛围和国际前沿的研究方向，现主要从事分布计算与云计算、分布式系统安全、大数据管理与分析、智能信息处理与信息检索、数据挖掘与知识发现、社会网络分析等方面的研究。实验室拥有实力雄厚的师资力量、充满活力的科研梯队。现有教授2名、副教授2名、讲师1名、博士后2名，全部具有博士或硕士学位。目前，IDC实验室已毕业博士研究生50余人，其中4人获得湖北省优秀博士学位论文，毕业硕士研究生200余人，在读博士研究生9名、硕士研究生20余名','计算机应用技术','/__local/F/83/DD/FC9FB4D9935A3997207B7A57E4F_D110BF67_2FE0.jpg',0,0,17536,NULL,'教授','/rxli/zh_CN/index.htm','http://idc.hust.edu.cn/',82,'http://idc.hust.edu.cn/info/1021/1228.htm'),(26,'李玉华','idcliyuhua@hust.edu.cn','','武汉市洪山区珞瑜路1037号 华中科技大学南一楼442室','027-8754 4285','华中科技大学计算机学院副教授，博士，硕士、副博士导师。1989年、1992年分别在哈尔滨理工大学仪器仪表系获学士、硕士学位，2006年在华中科技大学计算机学院获博士学位。1992年5月至2002年8月在中国船舶重工集团公司第七一O所工作，先后任工程师、高级工程师，2002年9月考入华中科技大学计算机学院攻读博士学位，2003年7月起任华中科技大学计算机学院副教授。现为中国计算机学会高级会员，是国家自然科学基金通信评审专家、国家863计划专家库评审专家。作为项目负责人或主要完成人参与和完成了国家自然科学基金项目，国家863项目，国家“十五”科技攻关项目，“211工程”项目及其它合作研究项目等10余项，在国内外权威刊物发表论文30余篇，申请发明专利1项，获计算机软件著作权4项，获湖北省华中科技大学教学质量优秀奖二等奖等多项奖励。主要研究方向为数据挖掘、社会网络、分布计算、金融工程等方面的研究工作。','计算机科学与技术学院','智能与分布计算实验室','华中科技大学智能与分布计算（IDC）实验室成立于1983年，其前身是华中科技大学计算机系软件工程与系统集成研究室，实验室主任李瑞轩教授，原华中科技大学计算机学院院长卢正鼎教授任实验室名誉主任。。\n\nIDC实验室隶属于华中科技大学计算机科学与技术学院并行分布式计算研究所，是服务计算技术与系统教育部重点实验室、湖北省大数据安全工程技术研究中心的重要组成部分。实验室依托学院的计算机科学与技术一级学科博士学位授予单位、计算机系统结构国家重点学科和计算机软件与理论湖北省重点学科，以集群与网格计算湖北省重点实验室、国家高性能计算中心（武汉）、信息存储国家专业实验室、华中科技大学IBM技术中心为后盾，拥有自由开放的学术氛围和国际前沿的研究方向，现主要从事分布计算与云计算、分布式系统安全、大数据管理与分析、智能信息处理与信息检索、数据挖掘与知识发现、社会网络分析等方面的研究。实验室拥有实力雄厚的师资力量、充满活力的科研梯队。现有教授2名、副教授2名、讲师1名、博士后2名，全部具有博士或硕士学位。目前，IDC实验室已毕业博士研究生50余人，其中4人获得湖北省优秀博士学位论文，毕业硕士研究生200余人，在读博士研究生9名、硕士研究生20余名','计算机应用技术','/__local/7/78/B7/5AEBDFFC37031C784A205CB5307_6B98E256_EEE.jpg',0,0,20871,NULL,'副教授','/yhli/zh_CN/index.htm','http://idc.hust.edu.cn/',82,'http://idc.hust.edu.cn/info/1021/1227.htm'),(27,'辜希武','guxiwu@hust.edu.cn','','武汉市洪山区珞瑜路1037号 华中科技大学南一楼442室','027-8754 4285','1985年获华中科技大学电子与信息工程专业学士学位，1998年获华中科技大学模式识别与人工智能硕士学位，2007年获华中科技大学计算机应用技术专业博士学位。主要研究方向为异构系统集成，Web服务于Web服务组合、信息安全等。作为项目主持人和主要完成人，参与国家自然科学基金项目、国家科技攻关计划项目、重大合作项目8项。近年来在国内外议及权威刊物上发表论文30余篇。','计算机科学与技术学院','智能与分布计算实验室','华中科技大学智能与分布计算（IDC）实验室成立于1983年，其前身是华中科技大学计算机系软件工程与系统集成研究室，实验室主任李瑞轩教授，原华中科技大学计算机学院院长卢正鼎教授任实验室名誉主任。。\n\nIDC实验室隶属于华中科技大学计算机科学与技术学院并行分布式计算研究所，是服务计算技术与系统教育部重点实验室、湖北省大数据安全工程技术研究中心的重要组成部分。实验室依托学院的计算机科学与技术一级学科博士学位授予单位、计算机系统结构国家重点学科和计算机软件与理论湖北省重点学科，以集群与网格计算湖北省重点实验室、国家高性能计算中心（武汉）、信息存储国家专业实验室、华中科技大学IBM技术中心为后盾，拥有自由开放的学术氛围和国际前沿的研究方向，现主要从事分布计算与云计算、分布式系统安全、大数据管理与分析、智能信息处理与信息检索、数据挖掘与知识发现、社会网络分析等方面的研究。实验室拥有实力雄厚的师资力量、充满活力的科研梯队。现有教授2名、副教授2名、讲师1名、博士后2名，全部具有博士或硕士学位。目前，IDC实验室已毕业博士研究生50余人，其中4人获得湖北省优秀博士学位论文，毕业硕士研究生200余人，在读博士研究生9名、硕士研究生20余名','计算机应用技术','/__local/2/31/A1/FC2AAB6E6D5890BCA4343251E0E_38ADBE61_8EEB.jpg',0,0,17994,NULL,'副研究员','/guxiwu/zh_CN/index.htm','http://idc.hust.edu.cn/',82,'http://idc.hust.edu.cn/info/1021/1226.htm'),(28,'吕志鹏','','',NULL,NULL,'','计算机科学与技术学院','智慧优化与计算实验室','智慧计算与优化实验室隶属于华中科技大学计算机科学与技术学院。智慧计算也称为绿色计算，其本质在于，对实际应用中复杂的决策和优化问题，运用高效的优化与决策技术来提供有效的解决方案，用最小的时间和成本，实现最大的效用。实验室深信智慧（绿色）计算与优化是二十一世纪的核心技术，致力于深化运筹优化理论与方法的研究，推动优化技术在国民经济中的广泛应用。','计算机软件与理论','/__local/7/E2/4C/4A1ECEE107B7760961A826939BA_0CBD7A62_8366.jpg',0,0,27750,NULL,'教授','/lzp/zh_CN/index.htm','http://smart.hust.edu.cn/',83,'http://smart.hust.edu.cn/kydw/js.htm'),(29,'徐丽萍','','',NULL,NULL,'','计算机科学与技术学院','智慧优化与计算实验室','智慧计算与优化实验室隶属于华中科技大学计算机科学与技术学院。智慧计算也称为绿色计算，其本质在于，对实际应用中复杂的决策和优化问题，运用高效的优化与决策技术来提供有效的解决方案，用最小的时间和成本，实现最大的效用。实验室深信智慧（绿色）计算与优化是二十一世纪的核心技术，致力于深化运筹优化理论与方法的研究，推动优化技术在国民经济中的广泛应用。','计算机软件与理论','/__local/1/5A/C1/95BFEA0BC053D597CEDF6430020_64972700_14F0C.png',0,0,9406,NULL,'副教授','/xuliping/zh_CN/index.htm','http://smart.hust.edu.cn/',83,'http://smart.hust.edu.cn/kydw/fjs.htm'),(30,'宋恩民','esong@hust.edu.cn','',NULL,'027-87792212','','计算机科学与技术学院','华中科技大学计算机科学与技术学院数字媒体处理与检索实验室门户网站','医学图像信息研究中心（CBIB）成立于2004年12月，隶属于华中科技大学计算机科学与技术学院，是一个以研究医学图像处理和分析技术为主的专业研究机构，致力于解决临床医学上的实际问题，为疾病诊断、治疗、健康保健等提供了基于图像的解决方案。CBIB与医学界有广泛的联系与合作，承担并且完成了包括国家自然科学基金项目、国家高新技术研究计划（863）项目、国际科技合作项目、国家科技支撑项目（子项）、教育部和广东省产学研科技合作项目、与华为、海康威视、联影医疗等著名企业合作的横向课题等二十余项，目前承担了国家自然科学基金资助项目和国家重点科技研究计划项目的科研课题。医学图像研究中心还是“图像信息处理与智能控制教育部重点实验室”的成员单位，与联影医疗科技建立了联合实验室。','计算机应用技术','/__local/7/BC/89/C41AF34FFF4438D0C027BE50FEE_D063BBA4_1BB7.jpg',0,0,21954,NULL,'教授','/songenmin1/zh_CN/index.htm','http://cbib.cs.hust.edu.cn/',84,NULL),(31,'许向阳','xuxy@mail.hust.edu.cn','',NULL,'027-87792212','','计算机科学与技术学院','华中科技大学计算机科学与技术学院数字媒体处理与检索实验室门户网站','医学图像信息研究中心（CBIB）成立于2004年12月，隶属于华中科技大学计算机科学与技术学院，是一个以研究医学图像处理和分析技术为主的专业研究机构，致力于解决临床医学上的实际问题，为疾病诊断、治疗、健康保健等提供了基于图像的解决方案。CBIB与医学界有广泛的联系与合作，承担并且完成了包括国家自然科学基金项目、国家高新技术研究计划（863）项目、国际科技合作项目、国家科技支撑项目（子项）、教育部和广东省产学研科技合作项目、与华为、海康威视、联影医疗等著名企业合作的横向课题等二十余项，目前承担了国家自然科学基金资助项目和国家重点科技研究计划项目的科研课题。医学图像研究中心还是“图像信息处理与智能控制教育部重点实验室”的成员单位，与联影医疗科技建立了联合实验室。','计算机应用技术','/__local/E/81/54/927EA90EB56EBB145B9F6FA94BB_73172279_667F.jpg',0,0,6891,NULL,'副教授','/xuxiangyang/zh_CN/index.htm','http://cbib.cs.hust.edu.cn/',84,NULL),(32,'管涛','qd_gt@126.com','',NULL,NULL,'博士，教授，博士生导师。2008年毕业于华中科技大学，并获得通信与信息系统专业博士学位，2008-2010年在华中科技大学数字化工程与仿真中心从事博士后研究工作，2010年进入华中科技大学计算机学院数字媒体实验室从事教学科研工作。\n\n主要研究方向为:\n\n增强现实、虚拟现实\n\n无人机视觉导航、避障技术\n\n全自动三维建模技术\n\n面向嵌入式设备的计算机视觉技术\n\n作为主持人承担国家自然科学基金面上/青年项目、国防预研计划项目、国家公益性行业科研专项等10余项科研项目。以第一或者通讯作者在ACM Trans、IEEE Trans国际刊物上发表或录用论文10余篇。','计算机科学与技术学院','华中科技大学智能媒体计算与网络安全实验室','华中科技大学“智能媒体计算与网络安全实验室”依托计算机科学与技术学院计算机应用湖北省重点学科和网络空间安全一级学科、下一代互联网接入国家工程实验室、中国教育科研网华中地区网络中心和华中科技大学网络与计算中心，拥有开放自由的学术氛围和国际前沿的研究方向，目前主要的研究方向包括数字媒体处理与检索、视频情感计算、增强现实、网络安全与大数据处理、多核计算计算与流编译和教育信息化等。','计算机应用技术','/__local/0/94/20/5F291ECEC01EEA8319966EAECE0_4FB95DCE_4294.jpg',0,0,26771,NULL,'教授','/guantao1/zh_CN/index.htm','http://media.hust.edu.cn/',85,'http://media.hust.edu.cn/info/1030/1164.htm'),(33,'何云峰','he_yunfeng@126.com','',NULL,'13971129286','1998年毕业于华中理工大学机械学院学习，并获得机械制造自动化专业学士学位，2002年获得华中科技大学（原华中理工大学）机械设计及理论专业的硕士学位。\n   2000以来在华中科技大学计算机学院工作，主要承担计算机图形学课程的教学工作，曾在2003-2005年连续三年获得华中科技大学教学质量二等奖，于2005年获得华中科技大学青年教师教学竞赛一等奖。近年来，承担了武汉九通汽车系列演示动画、华为基金等多项科研课题，目前的主要研究方向是基于内容的多特征视频检索。','计算机科学与技术学院','华中科技大学智能媒体计算与网络安全实验室','华中科技大学“智能媒体计算与网络安全实验室”依托计算机科学与技术学院计算机应用湖北省重点学科和网络空间安全一级学科、下一代互联网接入国家工程实验室、中国教育科研网华中地区网络中心和华中科技大学网络与计算中心，拥有开放自由的学术氛围和国际前沿的研究方向，目前主要的研究方向包括数字媒体处理与检索、视频情感计算、增强现实、网络安全与大数据处理、多核计算计算与流编译和教育信息化等。','计算机应用技术','/__local/2/BD/FD/E8F75B5738D9573EE6B62F28361_FBD0B405_BC34.jpg',0,0,18103,NULL,'副教授','/heyunfeng/zh_CN/index.htm','http://media.hust.edu.cn/',85,'http://media.hust.edu.cn/info/1030/1228.htm'),(34,'黄晓涛','huangxt@hust.edu.cn','',NULL,'027-87556514',' 黄晓涛，女，博士，教授。现为华中科技大学计算机基础教研室副主任，武汉市软件工程学会副秘书长。作为主要负责人完成国家自然科学基金项目、国家863科技项目、国防科技预研基金项目、IBM研究金项目以及合作研究项目等近30项。在国内外重要学术期刊上发表学术论文30余篇，编写教材8部，2013年获湖北省级教学成果二等奖，2012年获华中科技大学教学成果一等奖，2016年获华中科技大学教学成果三等奖，所指导本科生获湖北省优秀学士学位论文二等奖，所指导学生参加全国各类竞赛获得多项奖励。与美国、英国、香港等国外大学和研究机构的相关研究人员有着广泛交流与合作，与IBM、google、思科等国际著名公司有着良好的合作关系。目前的研究方向主要包括分布式智能计算、大数据应用技术、信息安全和计算机教育等。','网络与计算中心','华中科技大学智能媒体计算与网络安全实验室','华中科技大学“智能媒体计算与网络安全实验室”依托计算机科学与技术学院计算机应用湖北省重点学科和网络空间安全一级学科、下一代互联网接入国家工程实验室、中国教育科研网华中地区网络中心和华中科技大学网络与计算中心，拥有开放自由的学术氛围和国际前沿的研究方向，目前主要的研究方向包括数字媒体处理与检索、视频情感计算、增强现实、网络安全与大数据处理、多核计算计算与流编译和教育信息化等。','','/__local/1/49/F5/D679A948526CE10FA321D67F106_B8978777_2A55.png',0,0,15573,NULL,'教授','/huangxiaotao/zh_CN/index.htm','http://media.hust.edu.cn/',85,'http://media.hust.edu.cn/info/1030/1464.htm'),(36,'于俊清','yjqing@hust.edu.cn','湖北省科技进步二等奖1项\n武汉市科技进步三等奖1项\n华中科技大学校十佳青年教工\n华中科技大学优秀博士后\n三育人\n华中科技大学青年教师教学竞赛一等奖\n多项省级和校级的教学质量奖等荣誉称号','华中科技大学南6楼','027-87558541','   博士，教授，博士生导师，计算机学院数字媒体处理与检索实验室主任，CERNET华中地区网络中心主任，华中科技大学网络与信息化办公室主任、网络与计算中心主任，华中科技大学下一代互联网接入国家工程实验室副主任。2002年6月获武汉大学计算机应用专业工学博士学位；2002年8月-2003年8月加拿大曼尼托巴大学学习；2003年8月至今，华中科技大学计算机科学与技术学院工作。ACM和IEEE会员，中国计算机学会高级会员，中国计算机学会多媒体专业委员会副主任，中国计算机学会大数据专家委员会委员，中国图像图形学会计算机动画与数字娱乐专委会委员，中国计算机学会计算机辅助设计与图形学专业委员会委员，国际HUMAINE协会会员。“计算机硬件系列课程”国家级教学团队核心成员，“数字电路与逻辑设计”国家精品资源共享课（网络教育）负责人，华中科技大学本科和研究课程责任教授。\n   近五年来，主持完成了包括国家863重点项目子课题，国家科技支撑计划、国家自然科学基金、国防预研基金、中国博士后基金、湖北省杰出青年基金、武汉青年科技晨光计划、湖北省自然科学基金、Intel国际合作项目、IBM创新基金和各类企业合作项目在内的多项科研课题；获得发明专利和软件著作权10余项；先后获得湖北省科技进步二等奖1 项、武汉市科技进步三等奖1项、华中科技大学校十佳青年教工、华中科技大学优秀博士后、三育人、华中科技大学青年教师教学竞赛一等奖和多项省级和校级的教学质量奖等荣誉称号。\n   在《计算机学报》、《软件学报》、《计算机研究与发展》、《计算机辅助设计与图形学学报》、《中国图形图像学报》、TMM、TCSVT、SENSORS、CGA、CGO、ICME、MTA等国内外权威期刊和重要国际会议上发表论文100 余篇，其中多篇被SCI 和EI检索收录，获得软件著作权和发明专利30余项。','网络与计算中心','华中科技大学智能媒体计算与网络安全实验室','华中科技大学“智能媒体计算与网络安全实验室”依托计算机科学与技术学院计算机应用湖北省重点学科和网络空间安全一级学科、下一代互联网接入国家工程实验室、中国教育科研网华中地区网络中心和华中科技大学网络与计算中心，拥有开放自由的学术氛围和国际前沿的研究方向，目前主要的研究方向包括数字媒体处理与检索、视频情感计算、增强现实、网络安全与大数据处理、多核计算计算与流编译和教育信息化等。','计算机应用技术','/__local/B/91/04/25803C4CFDBE5D4AE18FE3C7081_8C9D981C_2A8A.jpg',0,0,20883,NULL,'教授','/yujunqing/zh_CN/index.htm','http://media.hust.edu.cn/',85,'http://media.hust.edu.cn/info/1030/1230.htm'),(37,'赵贻竹','missbamboo@hust.edu.cn','',NULL,'18971322257','博士，副教授，硕士生导师。1998年毕业于华中理工大学机械学院学习，并获得机械制造自动化专业学士学位，2002年获得华中科技大学（原华中理工大学）机械设计及理论专业的硕士学位，2008年12月获华中科技大学大学计算机系统结构专业工学博士学。1998年7月至2002年，在华中科技大学机械学院工作，2002年至今，在华中科技大学计算机科学与技术学院工作； “计算机硬件系列课程”国家级教学团队核心成员，“数字电路与逻辑设计”国家精品资源共享课（网络教育）主要负责人之一。\n\n教学方面，近年来主要承担数字逻辑课程的教学工作，多次获得华中科技大学教学质量二等奖，于2010年获得华中科技大学青年教师教学竞赛一等奖。主编教材《物联网系统安全与应用》，参与教材《多媒体计算机原理与应用》以及《多媒体计算机技术》。科研方面，参与了多个国家自然科学基金、多个纵向横向项目。目前的主要研究方向是视频大数据处理。','网络空间安全学院','华中科技大学智能媒体计算与网络安全实验室','华中科技大学“智能媒体计算与网络安全实验室”依托计算机科学与技术学院计算机应用湖北省重点学科和网络空间安全一级学科、下一代互联网接入国家工程实验室、中国教育科研网华中地区网络中心和华中科技大学网络与计算中心，拥有开放自由的学术氛围和国际前沿的研究方向，目前主要的研究方向包括数字媒体处理与检索、视频情感计算、增强现实、网络安全与大数据处理、多核计算计算与流编译和教育信息化等。','计算机系统结构','/__local/E/53/EA/1736B5FCA07FFEE17F719AE2088_9B780D82_1451C.jpg',0,0,18102,NULL,'副教授','/zhaoyizhu/zh_CN/index.htm','http://media.hust.edu.cn/',85,'http://media.hust.edu.cn/info/1030/1449.htm'),(38,'陈敏','minchen2012@hust.edu.cn','',NULL,'+86-13349999659','Min Chen is a full professor in School of Computer Science and Technology at Huazhong University of Science and Technology (HUST) since Feb. 2012. He is the director of Embedded and Pervasive Computing (EPIC) Lab at HUST. He is Chair of IEEE Computer Society (CS) Special Technical Communities (STC) on Big Data. He was an assistant professor in School of Computer Science and Engineering at Seoul National University (SNU). He worked as a Post-Doctoral Fellow in Department of Electrical and Computer Engineering at University of British Columbia (UBC) for three years. Before joining UBC, he was a Post-Doctoral Fellow at SNU for one and half years. He received Best Paper Award from QShine 2008, IEEE ICC 2012, ICST IndustrialIoT 2016, and IEEE IWCMC 2016. He serves as editor or associate editor for Information Sciences, Information Fusion, and IEEE Access, etc. He is a Guest Editor for IEEE Network, IEEE Wireless Communications, and IEEE Trans. Service Computing, etc. He is Co-Chair of IEEE ICC 2012-Communications Theory Symposium, and Co-Chair of IEEE ICC 2013-Wireless Networks Symposium. He is General Co-Chair for IEEE CIT-2012, Tridentcom 2014, Mobimedia 2015, and Tridentcom 2017. He is Keynote Speaker for CyberC 2012, Mobiquitous 2012, Cloudcomp 2015, IndustrialIoT 2016, and The 7th Brainstorming Workshop on 5G Wireless. He has more than 300 paper publications, including 200+ SCI papers, 80+ IEEE Trans./Journal papers, 16 ISI highly cited papers and 8 hot papers. He has published four books: OPNET IoT Simulation (2015), Big Data Inspiration (2015), 5G Software Defined Networks (2016) and Introduction to Cognitive Computing (2017) with HUST Presss, a book on big data: Big Data Related Technologies (2014) and a book on 5G: Cloud Based 5G Wireless Networks (2016) with Springer Series in Computer Science. His latest book (co-authored with Prof. Kai Hwang), entitled Big Data Analytics for Cloud/IoT and Cognitive Computing (Wiley, U.K.) appears in May 2017. His Google Scholars Citations reached 10,000+ with an h-index of 50. His top paper was cited 1000+ times. He is an IEEE Senior Member since 2009. He got IEEE Communications Society Fred W. Ellersick Prize in 2017. His research focuses on Cyber Physical Systems, IoT Sensing, 5G Networks, Mobile Cloud Computing, SDN, Healthcare Big Data, Medica Cloud Privacy and Security, Body Area Networks, Emotion Communications and Robotics, etc.','计算机科学与技术学院','华中科技大学嵌入与普适计算实验室','华中科技大学”嵌入与普适计算实验室”由国家计划特聘教授陈敏教授于2012年建立，依托于华中科技大学计算机科学与技术一级学科博士学位授予单位、计算机系统结构国家重点学科和计算机软件与理论湖北省重点学科， 拥有高水平的研究团队和自由开放的学术氛围，致力于最前沿的研究方向.陈敏教授团队现主要从事健康机器人软件平台的搭建、移动健康和医疗大数据、 物联网和传感网技术、数据命名网络（NDN）、未来互联网等领域的研究。实验室现有教授1名，副教授1名，博士后3名，全部拥有博士学位。目前在读全日制博士生3名，硕士研究生12名。','计算机系统结构','/__local/E/8C/0D/31E499ABF3AE9C3654E584E38C8_61A4BC8D_3054.jpg',0,0,29886,NULL,'教授','/chenmin8/zh_CN/index.htm','http://epic.hust.edu.cn/sysgk/sysjj.htm',86,'http://epic.hust.edu.cn/minchen/index.htm'),(39,'胡龙','','',NULL,NULL,'','计算机科学与技术学院','华中科技大学嵌入与普适计算实验室','华中科技大学”嵌入与普适计算实验室”由国家计划特聘教授陈敏教授于2012年建立，依托于华中科技大学计算机科学与技术一级学科博士学位授予单位、计算机系统结构国家重点学科和计算机软件与理论湖北省重点学科， 拥有高水平的研究团队和自由开放的学术氛围，致力于最前沿的研究方向.陈敏教授团队现主要从事健康机器人软件平台的搭建、移动健康和医疗大数据、 物联网和传感网技术、数据命名网络（NDN）、未来互联网等领域的研究。实验室现有教授1名，副教授1名，博士后3名，全部拥有博士学位。目前在读全日制博士生3名，硕士研究生12名。','计算机系统结构','/__local/0/C3/13/99C1788D1C4CC44D58E8948F32F_BCD926B1_2EAC.png',0,0,40936,NULL,'讲师','/hulong/zh_CN/index.htm','http://epic.hust.edu.cn/sysgk/sysjj.htm',86,NULL),(40,'许贵平','','','中国·湖北省·武汉市·珞喻路1037号·华中科技大学南一楼',NULL,'','计算机科学与技术学院','华中科技大学计算科学理论研究所','计算科学理论与应用研究所隶属于华中科技大学计算机科学与技术学院，其前身为华中科技大学计算机科学理论研究所。研究所深信优化算法是二十一世纪的核心技术，致力于深化优化理论与方法的研究，推动优化技术在国民经济中的广泛应用。\n\n     在前任领导黄文奇教授的带领下，研究所做出了一系列具有国际影响力的工作，其中包括：1979年，在国际上首次提出了求解NP难度问题的拟物方法，为NP难度问题的现实求解指出了一条可行的途径；1987年，完美地解决了曾困惑国际学术界近20余年的Tseitin问题；1996年，在第三届“SAT问题的快速算法国际邀请赛”中荣获冠军；2008年，在第二届“国际时刻表调度竞赛”中荣获亚军；2010年，在第一届“国际护士排班竞赛”中荣获季军;2005年至2011年多次荣获“SAT问题的快速算法国际邀请赛”的冠军、亚军和季军，在第为多个困扰学术界和工业界的组合优化问题设计出了高性能的求解算法；公开的测试表明，这些算法的优度和效率在当时处于国际领先或先进水平。\n     在过去的近三十年里，研究所承担了多个国家级的科研项目，其中包括：国家“973”重点基础研究项目子项目，国家“863”高技术发展计划项目，国家自然科学基金项目等；在数学，物理，计算机、运筹学等领域的国际顶尖学术刊物上了发表了多篇有影响力的学术论文，其中包括：SIAM Journal on Computing, European Journal of Operational Research, Computers & Operations Research，Journal of Heuristics, Operations Research Letters, Computers & Industrial Engineering, Physical Review E , 科学通报，中国科学等。\n      研究所具备实力雄厚的师资力量、充满活力的科研梯队，研究所拥有良好的硬件设施环境和办公环境。现有教授5人，副教授6人，讲师4人。目前在读全日制博士、硕士研究生50余人。实验室坚持开放与联合，与美国、法国、德国、英国、加拿大、新加坡、香港等国家和地区的世界一流大学保持着密切的合作关系。\n     研究所热诚欢迎对优化算法理论、方法和其应用感兴趣，有志于从事优化算法研究的同学保送或报考本实验室的研究生。','计算机软件与理论','/__local/0/B3/D4/761BB44894F47B5F99CC4CA8E29_975DD443_208A.jpg',0,0,17519,NULL,'副教授','/xuguiping/zh_CN/index.htm','http://epic.hust.edu.cn/sysgk/sysjj.htm',87,NULL),(41,'何琨','','','中国·湖北省·武汉市·珞喻路1037号·华中科技大学南一楼',NULL,'','计算机科学与技术学院','华中科技大学计算科学理论研究所','计算科学理论与应用研究所隶属于华中科技大学计算机科学与技术学院，其前身为华中科技大学计算机科学理论研究所。研究所深信优化算法是二十一世纪的核心技术，致力于深化优化理论与方法的研究，推动优化技术在国民经济中的广泛应用。\n\n     在前任领导黄文奇教授的带领下，研究所做出了一系列具有国际影响力的工作，其中包括：1979年，在国际上首次提出了求解NP难度问题的拟物方法，为NP难度问题的现实求解指出了一条可行的途径；1987年，完美地解决了曾困惑国际学术界近20余年的Tseitin问题；1996年，在第三届“SAT问题的快速算法国际邀请赛”中荣获冠军；2008年，在第二届“国际时刻表调度竞赛”中荣获亚军；2010年，在第一届“国际护士排班竞赛”中荣获季军;2005年至2011年多次荣获“SAT问题的快速算法国际邀请赛”的冠军、亚军和季军，在第为多个困扰学术界和工业界的组合优化问题设计出了高性能的求解算法；公开的测试表明，这些算法的优度和效率在当时处于国际领先或先进水平。\n     在过去的近三十年里，研究所承担了多个国家级的科研项目，其中包括：国家“973”重点基础研究项目子项目，国家“863”高技术发展计划项目，国家自然科学基金项目等；在数学，物理，计算机、运筹学等领域的国际顶尖学术刊物上了发表了多篇有影响力的学术论文，其中包括：SIAM Journal on Computing, European Journal of Operational Research, Computers & Operations Research，Journal of Heuristics, Operations Research Letters, Computers & Industrial Engineering, Physical Review E , 科学通报，中国科学等。\n      研究所具备实力雄厚的师资力量、充满活力的科研梯队，研究所拥有良好的硬件设施环境和办公环境。现有教授5人，副教授6人，讲师4人。目前在读全日制博士、硕士研究生50余人。实验室坚持开放与联合，与美国、法国、德国、英国、加拿大、新加坡、香港等国家和地区的世界一流大学保持着密切的合作关系。\n     研究所热诚欢迎对优化算法理论、方法和其应用感兴趣，有志于从事优化算法研究的同学保送或报考本实验室的研究生。','计算机软件与理论  计算机应用技术','/__local/B/EF/A4/1FD19A0CB49C47529D2FD96C4B9_0172B5F3_E63D.jpg',0,0,25082,NULL,'教授','/hekun/zh_CN/index.htm','http://epic.hust.edu.cn/sysgk/sysjj.htm',87,NULL),(42,'金海','','','武汉市洪山区珞瑜路1037号, 华中科技大学东五楼2楼','(027) 87543529','金海，博士，华中科技大学教授、博士生导师，长江学者特聘教授，国家杰出青年基金获得者，中国计算机学会会士，IEEE Fellow，ACM终身会员，武汉网络安全战略与发展研究院院长，华中科技大学“大数据技术与系统国家地方联合工程研究中心”主任，“服务计算技术与系统教育部重点实验室”主任，“集群与网格计算湖北省重点实验室”主任，“大数据安全湖北省工程研究中心”主任。国务院特殊津贴专家、国务院学位委员会第六、七届学科评议组成员、第六、七届教育部科学技术委员会信息学部委员、副主任委员。973计划“计算系统虚拟化基础理论与方法研究”、“云计算安全的基础理论和方法研究”首席科学家、十三五云计算与大数据国家重点研发计划专家组副组长、教育部重大专项“中国教育科研网格ChinaGrid”计划的专家组组长、“十二五”国家高技术研究发展计划（863计划）信息技术领域主题专家组专家、“十一五”国家863计划“高效能计算机及网格服务环境”重大项目专家组成员。中国计算机学会常务理事、湖北省计算机学会理事长、中国计算机学会出版工作委员会主任、CCF优秀博士学位论文奖评奖分委员会主席、中国计算机学会区块链专业委员会副主任/高性能计算专委会副主任委员/普适计算专委会常务委员/服务计算专委会常务委员/大数据专委会常务委员。教育部“长江学者和创新团队发展计划”创新团队学术带头人、湖北省自然科学基金创新团队学术带头人。','计算机科学与技术学院','集群与网格计算湖北省重点实验室','华中科技大学“大数据技术与系统国家地方联合工程研究中心”暨“服务计算技术与系统教育部重点实验室”暨“集群与网格计算湖北省重点实验室”依托于计算机系统结构国家重点学科和计算机软件与理论湖北省重点学科，建有湖北省大数据技术与系统工程实验室，湖北省大数据安全工程技术研究中心。拥有自由开放的学术氛围和国际前沿的研究方向。目前主要的研究领域包括：系统软件与体系结构、分布式系统、网络空间安全、大数据等。','','',0,0,16311,NULL,'教授','/jinhai/zh_CN/index.htm','http://grid.hust.edu.cn/',89,'http://grid.hust.edu.cn/sysgk/zrjj.htm'),(43,'吴松','','','武汉市洪山区珞瑜路1037号, 华中科技大学东五楼2楼',' ','','计算机科学与技术学院','集群与网格计算湖北省重点实验室','华中科技大学“大数据技术与系统国家地方联合工程研究中心”暨“服务计算技术与系统教育部重点实验室”暨“集群与网格计算湖北省重点实验室”依托于计算机系统结构国家重点学科和计算机软件与理论湖北省重点学科，建有湖北省大数据技术与系统工程实验室，湖北省大数据安全工程技术研究中心。拥有自由开放的学术氛围和国际前沿的研究方向。目前主要的研究领域包括：系统软件与体系结构、分布式系统、网络空间安全、大数据等。','计算机系统结构','/__local/A/EE/7B/D33AB54884B3553CDC466866B09_291D0F03_8150.jpg',0,0,20281,NULL,'教授','/wusong2/zh_CN/index.htm','http://grid.hust.edu.cn/',89,NULL),(44,'廖小飞','','','武汉市洪山区珞瑜路1037号, 华中科技大学东五楼2楼',NULL,'','计算机科学与技术学院','集群与网格计算湖北省重点实验室','华中科技大学“大数据技术与系统国家地方联合工程研究中心”暨“服务计算技术与系统教育部重点实验室”暨“集群与网格计算湖北省重点实验室”依托于计算机系统结构国家重点学科和计算机软件与理论湖北省重点学科，建有湖北省大数据技术与系统工程实验室，湖北省大数据安全工程技术研究中心。拥有自由开放的学术氛围和国际前沿的研究方向。目前主要的研究领域包括：系统软件与体系结构、分布式系统、网络空间安全、大数据等。','计算机软件与理论','/__local/D/25/2E/C156362C9105F7E9216956C3918_39E001C2_1C9A.jpg',0,0,22663,NULL,'教授','/xfliao/zh_CN/index.htm','http://grid.hust.edu.cn/',89,NULL),(45,'石宣化','','','武汉市洪山区珞瑜路1037号, 华中科技大学东五楼2楼',NULL,'','计算机科学与技术学院','集群与网格计算湖北省重点实验室','华中科技大学“大数据技术与系统国家地方联合工程研究中心”暨“服务计算技术与系统教育部重点实验室”暨“集群与网格计算湖北省重点实验室”依托于计算机系统结构国家重点学科和计算机软件与理论湖北省重点学科，建有湖北省大数据技术与系统工程实验室，湖北省大数据安全工程技术研究中心。拥有自由开放的学术氛围和国际前沿的研究方向。目前主要的研究领域包括：系统软件与体系结构、分布式系统、网络空间安全、大数据等。','计算机应用技术  计算机软件与理论  计算机系统结构','/__local/2/72/B2/2B2EBC841F12D67B5942DB98AC0_9CABBB31_95DF.jpg',0,0,22764,NULL,'教授','/shixuanhua/zh_CN/index.htm','http://grid.hust.edu.cn/',89,NULL),(46,'刘方明','','','武汉市洪山区珞瑜路1037号, 华中科技大学东五楼2楼',NULL,'','计算机科学与技术学院','集群与网格计算湖北省重点实验室','华中科技大学“大数据技术与系统国家地方联合工程研究中心”暨“服务计算技术与系统教育部重点实验室”暨“集群与网格计算湖北省重点实验室”依托于计算机系统结构国家重点学科和计算机软件与理论湖北省重点学科，建有湖北省大数据技术与系统工程实验室，湖北省大数据安全工程技术研究中心。拥有自由开放的学术氛围和国际前沿的研究方向。目前主要的研究领域包括：系统软件与体系结构、分布式系统、网络空间安全、大数据等。','计算机系统结构  计算机软件与理论','/__local/3/C8/9D/CF0E0E0E61F9FFBEF82F230147C_2C7A1672_4D3D.jpg',0,0,27748,NULL,'教授','/liufangming/zh_CN/index.htm','http://grid.hust.edu.cn/',89,NULL),(47,'陈汉华','','','武汉市洪山区珞瑜路1037号, 华中科技大学东五楼2楼',NULL,'','计算机科学与技术学院','集群与网格计算湖北省重点实验室','华中科技大学“大数据技术与系统国家地方联合工程研究中心”暨“服务计算技术与系统教育部重点实验室”暨“集群与网格计算湖北省重点实验室”依托于计算机系统结构国家重点学科和计算机软件与理论湖北省重点学科，建有湖北省大数据技术与系统工程实验室，湖北省大数据安全工程技术研究中心。拥有自由开放的学术氛围和国际前沿的研究方向。目前主要的研究领域包括：系统软件与体系结构、分布式系统、网络空间安全、大数据等。','计算机系统结构','/__local/E/0A/2B/D643855095040DB00D09EA55037_E5BCE1C5_5638.jpg',0,0,25768,NULL,'教授','/chen/zh_CN/index.htm','http://grid.hust.edu.cn/',89,NULL),(48,'赵峰','','','武汉市洪山区珞瑜路1037号, 华中科技大学东五楼2楼',NULL,'','计算机科学与技术学院','集群与网格计算湖北省重点实验室','华中科技大学“大数据技术与系统国家地方联合工程研究中心”暨“服务计算技术与系统教育部重点实验室”暨“集群与网格计算湖北省重点实验室”依托于计算机系统结构国家重点学科和计算机软件与理论湖北省重点学科，建有湖北省大数据技术与系统工程实验室，湖北省大数据安全工程技术研究中心。拥有自由开放的学术氛围和国际前沿的研究方向。目前主要的研究领域包括：系统软件与体系结构、分布式系统、网络空间安全、大数据等。','计算机应用技术','',0,0,23484,NULL,'教授','/zffeng/zh_CN/index.htm','http://grid.hust.edu.cn/',89,NULL),(49,'袁平鹏','','','武汉市洪山区珞瑜路1037号, 华中科技大学东五楼2楼',NULL,'','计算机科学与技术学院','集群与网格计算湖北省重点实验室','华中科技大学“大数据技术与系统国家地方联合工程研究中心”暨“服务计算技术与系统教育部重点实验室”暨“集群与网格计算湖北省重点实验室”依托于计算机系统结构国家重点学科和计算机软件与理论湖北省重点学科，建有湖北省大数据技术与系统工程实验室，湖北省大数据安全工程技术研究中心。拥有自由开放的学术氛围和国际前沿的研究方向。目前主要的研究领域包括：系统软件与体系结构、分布式系统、网络空间安全、大数据等。','计算机系统结构','/__local/8/3F/2E/112B5228E281C06520B72760597_0CF78C32_6156.jpg',0,0,20788,NULL,'教授','/ppyuan/zh_CN/index.htm','http://grid.hust.edu.cn/',89,NULL),(50,'余辰','','','武汉市洪山区珞瑜路1037号, 华中科技大学东五楼2楼',NULL,'','计算机科学与技术学院','集群与网格计算湖北省重点实验室','华中科技大学“大数据技术与系统国家地方联合工程研究中心”暨“服务计算技术与系统教育部重点实验室”暨“集群与网格计算湖北省重点实验室”依托于计算机系统结构国家重点学科和计算机软件与理论湖北省重点学科，建有湖北省大数据技术与系统工程实验室，湖北省大数据安全工程技术研究中心。拥有自由开放的学术氛围和国际前沿的研究方向。目前主要的研究领域包括：系统软件与体系结构、分布式系统、网络空间安全、大数据等。','计算机系统结构','/__local/7/EB/86/FDCD232B0925507B242E20782A7_3D6E6858_25CB.jpg',0,0,25025,NULL,'教授','/yuchen1/zh_CN/index.htm','http://grid.hust.edu.cn/',89,NULL),(51,'蒋文斌','','','武汉市洪山区珞瑜路1037号, 华中科技大学东五楼2楼',NULL,'','计算机科学与技术学院','集群与网格计算湖北省重点实验室','华中科技大学“大数据技术与系统国家地方联合工程研究中心”暨“服务计算技术与系统教育部重点实验室”暨“集群与网格计算湖北省重点实验室”依托于计算机系统结构国家重点学科和计算机软件与理论湖北省重点学科，建有湖北省大数据技术与系统工程实验室，湖北省大数据安全工程技术研究中心。拥有自由开放的学术氛围和国际前沿的研究方向。目前主要的研究领域包括：系统软件与体系结构、分布式系统、网络空间安全、大数据等。','计算机系统结构','/__local/8/F0/7E/42789C67AE5135B5D64CD5D7B03_C4FA3551_2CAF.jpg',0,0,21833,NULL,'教授','/jiangwenbin/zh_CN/index.htm','http://grid.hust.edu.cn/',89,NULL),(52,'邵志远','','','武汉市洪山区珞瑜路1037号, 华中科技大学东五楼2楼',NULL,'','计算机科学与技术学院','集群与网格计算湖北省重点实验室','华中科技大学“大数据技术与系统国家地方联合工程研究中心”暨“服务计算技术与系统教育部重点实验室”暨“集群与网格计算湖北省重点实验室”依托于计算机系统结构国家重点学科和计算机软件与理论湖北省重点学科，建有湖北省大数据技术与系统工程实验室，湖北省大数据安全工程技术研究中心。拥有自由开放的学术氛围和国际前沿的研究方向。目前主要的研究领域包括：系统软件与体系结构、分布式系统、网络空间安全、大数据等。','计算机软件与理论  计算机系统结构','',0,0,17510,NULL,'副教授','/zyshao/zh_CN/index.htm','http://grid.hust.edu.cn/',89,NULL),(53,'胡侃','','','武汉市洪山区珞瑜路1037号, 华中科技大学东五楼2楼',NULL,'','计算机科学与技术学院','集群与网格计算湖北省重点实验室','华中科技大学“大数据技术与系统国家地方联合工程研究中心”暨“服务计算技术与系统教育部重点实验室”暨“集群与网格计算湖北省重点实验室”依托于计算机系统结构国家重点学科和计算机软件与理论湖北省重点学科，建有湖北省大数据技术与系统工程实验室，湖北省大数据安全工程技术研究中心。拥有自由开放的学术氛围和国际前沿的研究方向。目前主要的研究领域包括：系统软件与体系结构、分布式系统、网络空间安全、大数据等。','','/__local/4/A4/0A/9B5921702E56A728456665260EC_2CA91F09_4452.jpg',0,0,3628,NULL,'副教授','/hukan1/zh_CN/index.htm','http://grid.hust.edu.cn/',89,NULL),(54,'郑然','','','武汉市洪山区珞瑜路1037号, 华中科技大学东五楼2楼',NULL,'','计算机科学与技术学院','集群与网格计算湖北省重点实验室','华中科技大学“大数据技术与系统国家地方联合工程研究中心”暨“服务计算技术与系统教育部重点实验室”暨“集群与网格计算湖北省重点实验室”依托于计算机系统结构国家重点学科和计算机软件与理论湖北省重点学科，建有湖北省大数据技术与系统工程实验室，湖北省大数据安全工程技术研究中心。拥有自由开放的学术氛围和国际前沿的研究方向。目前主要的研究领域包括：系统软件与体系结构、分布式系统、网络空间安全、大数据等。','计算机软件与理论','/__local/5/73/93/3607C0CBABF4DFB434EBBC663D5_63AB6C36_D217.jpg',0,0,18586,NULL,'副教授','/zhengran/zh_CN/index.htm','http://grid.hust.edu.cn/',89,NULL),(55,'谢夏','','','武汉市洪山区珞瑜路1037号, 华中科技大学东五楼2楼',NULL,'','计算机科学与技术学院','集群与网格计算湖北省重点实验室','华中科技大学“大数据技术与系统国家地方联合工程研究中心”暨“服务计算技术与系统教育部重点实验室”暨“集群与网格计算湖北省重点实验室”依托于计算机系统结构国家重点学科和计算机软件与理论湖北省重点学科，建有湖北省大数据技术与系统工程实验室，湖北省大数据安全工程技术研究中心。拥有自由开放的学术氛围和国际前沿的研究方向。目前主要的研究领域包括：系统软件与体系结构、分布式系统、网络空间安全、大数据等。','计算机软件与理论','/__local/F/0D/B7/1269B9D0EC52CA0CCEF1FBD6821_25A87C27_9A64.jpg',0,0,18098,NULL,'副教授','/xiexia/zh_CN/index.htm','http://grid.hust.edu.cn/',89,NULL),(56,'陆枫','','','武汉市洪山区珞瑜路1037号, 华中科技大学东五楼2楼',NULL,'','计算机科学与技术学院','集群与网格计算湖北省重点实验室','华中科技大学“大数据技术与系统国家地方联合工程研究中心”暨“服务计算技术与系统教育部重点实验室”暨“集群与网格计算湖北省重点实验室”依托于计算机系统结构国家重点学科和计算机软件与理论湖北省重点学科，建有湖北省大数据技术与系统工程实验室，湖北省大数据安全工程技术研究中心。拥有自由开放的学术氛围和国际前沿的研究方向。目前主要的研究领域包括：系统软件与体系结构、分布式系统、网络空间安全、大数据等。','计算机应用技术','/__local/B/8B/98/BF6AFAAF049C948FD5E24AAD36C_45670E1F_18BF5.jpg',0,0,15123,NULL,'副教授','/lufeng2/zh_CN/index.htm','http://grid.hust.edu.cn/',89,NULL),(57,'王多强','','','武汉市洪山区珞瑜路1037号, 华中科技大学东五楼2楼',NULL,'','计算机科学与技术学院','集群与网格计算湖北省重点实验室','华中科技大学“大数据技术与系统国家地方联合工程研究中心”暨“服务计算技术与系统教育部重点实验室”暨“集群与网格计算湖北省重点实验室”依托于计算机系统结构国家重点学科和计算机软件与理论湖北省重点学科，建有湖北省大数据技术与系统工程实验室，湖北省大数据安全工程技术研究中心。拥有自由开放的学术氛围和国际前沿的研究方向。目前主要的研究领域包括：系统软件与体系结构、分布式系统、网络空间安全、大数据等。','计算机应用技术','/__local/5/39/EE/5DF342A88878F508B115B5CE470_54919E54_602E.jpg',0,0,16577,NULL,'副教授','/wangduoqiang/zh_CN/index.htm','http://grid.hust.edu.cn/',89,NULL),(58,'丁晓锋','','','武汉市洪山区珞瑜路1037号, 华中科技大学东五楼2楼',NULL,'','计算机科学与技术学院','集群与网格计算湖北省重点实验室','华中科技大学“大数据技术与系统国家地方联合工程研究中心”暨“服务计算技术与系统教育部重点实验室”暨“集群与网格计算湖北省重点实验室”依托于计算机系统结构国家重点学科和计算机软件与理论湖北省重点学科，建有湖北省大数据技术与系统工程实验室，湖北省大数据安全工程技术研究中心。拥有自由开放的学术氛围和国际前沿的研究方向。目前主要的研究领域包括：系统软件与体系结构、分布式系统、网络空间安全、大数据等。','计算机软件与理论','/__local/8/65/D0/EC32E9BBBFEA556DFED4DD182BC_99CB3E13_1168A.jpg',0,0,27792,NULL,'副教授','/dingxiaofeng/zh_CN/index.htm','http://grid.hust.edu.cn/',89,NULL),(59,'华强胜','','','武汉市洪山区珞瑜路1037号, 华中科技大学东五楼2楼',NULL,'','计算机科学与技术学院','集群与网格计算湖北省重点实验室','华中科技大学“大数据技术与系统国家地方联合工程研究中心”暨“服务计算技术与系统教育部重点实验室”暨“集群与网格计算湖北省重点实验室”依托于计算机系统结构国家重点学科和计算机软件与理论湖北省重点学科，建有湖北省大数据技术与系统工程实验室，湖北省大数据安全工程技术研究中心。拥有自由开放的学术氛围和国际前沿的研究方向。目前主要的研究领域包括：系统软件与体系结构、分布式系统、网络空间安全、大数据等。','计算机软件与理论  计算机系统结构','/__local/2/68/74/C00AAC48812AFE46DC730AA5107_CE027454_177B7.jpg',0,0,32317,NULL,'副教授','/huaqiangsheng/zh_CN/index.htm','http://grid.hust.edu.cn/',89,NULL),(60,'肖江','','','武汉市洪山区珞瑜路1037号, 华中科技大学东五楼2楼',NULL,'','计算机科学与技术学院','集群与网格计算湖北省重点实验室','华中科技大学“大数据技术与系统国家地方联合工程研究中心”暨“服务计算技术与系统教育部重点实验室”暨“集群与网格计算湖北省重点实验室”依托于计算机系统结构国家重点学科和计算机软件与理论湖北省重点学科，建有湖北省大数据技术与系统工程实验室，湖北省大数据安全工程技术研究中心。拥有自由开放的学术氛围和国际前沿的研究方向。目前主要的研究领域包括：系统软件与体系结构、分布式系统、网络空间安全、大数据等。','计算机应用技术  计算机系统结构','/__local/B/12/84/986E6BD7661BB2DF565CA904C37_9D9C8394_94A7.jpg',0,0,37775,NULL,'副教授','/jxiao/zh_CN/index.htm','http://grid.hust.edu.cn/',89,NULL),(61,'刘海坤','','','武汉市洪山区珞瑜路1037号, 华中科技大学东五楼2楼',NULL,'','计算机科学与技术学院','集群与网格计算湖北省重点实验室','华中科技大学“大数据技术与系统国家地方联合工程研究中心”暨“服务计算技术与系统教育部重点实验室”暨“集群与网格计算湖北省重点实验室”依托于计算机系统结构国家重点学科和计算机软件与理论湖北省重点学科，建有湖北省大数据技术与系统工程实验室，湖北省大数据安全工程技术研究中心。拥有自由开放的学术氛围和国际前沿的研究方向。目前主要的研究领域包括：系统软件与体系结构、分布式系统、网络空间安全、大数据等。','计算机系统结构','/__local/A/0C/BF/D41DAAFB72EBB2278FFAD91C22F_DC66A339_76C3.jpg',0,0,35455,NULL,'副教授','/liuhaikun/zh_CN/index.htm','http://grid.hust.edu.cn/',89,NULL),(62,'姚德中','','','武汉市洪山区珞瑜路1037号, 华中科技大学东五楼2楼',NULL,'','计算机科学与技术学院','集群与网格计算湖北省重点实验室','华中科技大学“大数据技术与系统国家地方联合工程研究中心”暨“服务计算技术与系统教育部重点实验室”暨“集群与网格计算湖北省重点实验室”依托于计算机系统结构国家重点学科和计算机软件与理论湖北省重点学科，建有湖北省大数据技术与系统工程实验室，湖北省大数据安全工程技术研究中心。拥有自由开放的学术氛围和国际前沿的研究方向。目前主要的研究领域包括：系统软件与体系结构、分布式系统、网络空间安全、大数据等。','计算机系统结构','/__local/7/6E/7D/AE55DA78BF4B6209E76DD29D80A_0EC4A196_5BF2.jpg',0,0,54303,NULL,'副教授','/dezhong/zh_CN/index.htm','http://grid.hust.edu.cn/',89,NULL),(63,'张宇','','','武汉市洪山区珞瑜路1037号, 华中科技大学东五楼2楼',NULL,'','计算机科学与技术学院','集群与网格计算湖北省重点实验室','华中科技大学“大数据技术与系统国家地方联合工程研究中心”暨“服务计算技术与系统教育部重点实验室”暨“集群与网格计算湖北省重点实验室”依托于计算机系统结构国家重点学科和计算机软件与理论湖北省重点学科，建有湖北省大数据技术与系统工程实验室，湖北省大数据安全工程技术研究中心。拥有自由开放的学术氛围和国际前沿的研究方向。目前主要的研究领域包括：系统软件与体系结构、分布式系统、网络空间安全、大数据等。','计算机系统结构','/__local/9/B8/14/786CD63729EC90C139F19A460A5_445B9DBE_2536.jpg',0,0,54308,NULL,'副教授','/ZhangYu/zh_CN/index.htm','http://grid.hust.edu.cn/',89,NULL),(64,'顾琳','','','武汉市洪山区珞瑜路1037号, 华中科技大学东五楼2楼',NULL,'','计算机科学与技术学院','集群与网格计算湖北省重点实验室','华中科技大学“大数据技术与系统国家地方联合工程研究中心”暨“服务计算技术与系统教育部重点实验室”暨“集群与网格计算湖北省重点实验室”依托于计算机系统结构国家重点学科和计算机软件与理论湖北省重点学科，建有湖北省大数据技术与系统工程实验室，湖北省大数据安全工程技术研究中心。拥有自由开放的学术氛围和国际前沿的研究方向。目前主要的研究领域包括：系统软件与体系结构、分布式系统、网络空间安全、大数据等。','计算机系统结构','/__local/D/3D/BE/DAC80228D12AE3075C2B8A300D3_C5F20B72_6427.jpg',0,0,35618,NULL,'讲师','/gulin/zh_CN/index.htm','http://grid.hust.edu.cn/',89,NULL),(65,'黄宏','','','武汉市洪山区珞瑜路1037号, 华中科技大学东五楼2楼',NULL,'','计算机科学与技术学院','集群与网格计算湖北省重点实验室','华中科技大学“大数据技术与系统国家地方联合工程研究中心”暨“服务计算技术与系统教育部重点实验室”暨“集群与网格计算湖北省重点实验室”依托于计算机系统结构国家重点学科和计算机软件与理论湖北省重点学科，建有湖北省大数据技术与系统工程实验室，湖北省大数据安全工程技术研究中心。拥有自由开放的学术氛围和国际前沿的研究方向。目前主要的研究领域包括：系统软件与体系结构、分布式系统、网络空间安全、大数据等。','计算机应用技术','/__local/7/B4/BB/9CA0F7AF4BDAB36C290FE325EF7_D75BC115_7049.jpg',0,0,40935,NULL,'讲师','/honghuang/zh_CN/index.htm','http://grid.hust.edu.cn/',89,NULL),(66,'邹德清','','','武汉市洪山区珞瑜路1037号, 华中科技大学东五楼2楼',NULL,'','网络空间安全学院','集群与网格计算湖北省重点实验室','华中科技大学“大数据技术与系统国家地方联合工程研究中心”暨“服务计算技术与系统教育部重点实验室”暨“集群与网格计算湖北省重点实验室”依托于计算机系统结构国家重点学科和计算机软件与理论湖北省重点学科，建有湖北省大数据技术与系统工程实验室，湖北省大数据安全工程技术研究中心。拥有自由开放的学术氛围和国际前沿的研究方向。目前主要的研究领域包括：系统软件与体系结构、分布式系统、网络空间安全、大数据等。','网络空间安全','/__local/0/E3/8E/0C3CD17AE32194E391519E7CA16_451EE60E_684A.jpg',0,0,21958,NULL,'教授','/zoudeqing/zh_CN/index.htm','http://grid.hust.edu.cn/',89,NULL),(67,'羌卫中','','','武汉市洪山区珞瑜路1037号, 华中科技大学东五楼2楼',NULL,'','网络空间安全学院','集群与网格计算湖北省重点实验室','华中科技大学“大数据技术与系统国家地方联合工程研究中心”暨“服务计算技术与系统教育部重点实验室”暨“集群与网格计算湖北省重点实验室”依托于计算机系统结构国家重点学科和计算机软件与理论湖北省重点学科，建有湖北省大数据技术与系统工程实验室，湖北省大数据安全工程技术研究中心。拥有自由开放的学术氛围和国际前沿的研究方向。目前主要的研究领域包括：系统软件与体系结构、分布式系统、网络空间安全、大数据等。','计算机系统结构  网络空间安全','/__local/5/4D/FF/4A220A57EC477706069686CE546_1A4EC952_4435.jpeg',0,0,22763,NULL,'副教授','/qiangweizhong/zh_CN/index.htm','http://grid.hust.edu.cn/',89,NULL),(68,'徐鹏','','','武汉市洪山区珞瑜路1037号, 华中科技大学东五楼2楼',NULL,'','网络空间安全学院','集群与网格计算湖北省重点实验室','华中科技大学“大数据技术与系统国家地方联合工程研究中心”暨“服务计算技术与系统教育部重点实验室”暨“集群与网格计算湖北省重点实验室”依托于计算机系统结构国家重点学科和计算机软件与理论湖北省重点学科，建有湖北省大数据技术与系统工程实验室，湖北省大数据安全工程技术研究中心。拥有自由开放的学术氛围和国际前沿的研究方向。目前主要的研究领域包括：系统软件与体系结构、分布式系统、网络空间安全、大数据等。','网络空间安全','/__local/A/CC/AC/0CD005B59ED0443B887EDAAC39A_E7577AA9_7A57.png',0,0,31100,NULL,'副教授','/xupeng1/zh_CN/index.htm','http://grid.hust.edu.cn/',89,NULL),(69,'马晓静','','','武汉市洪山区珞瑜路1037号, 华中科技大学东五楼2楼',NULL,'','网络空间安全学院','集群与网格计算湖北省重点实验室','华中科技大学“大数据技术与系统国家地方联合工程研究中心”暨“服务计算技术与系统教育部重点实验室”暨“集群与网格计算湖北省重点实验室”依托于计算机系统结构国家重点学科和计算机软件与理论湖北省重点学科，建有湖北省大数据技术与系统工程实验室，湖北省大数据安全工程技术研究中心。拥有自由开放的学术氛围和国际前沿的研究方向。目前主要的研究领域包括：系统软件与体系结构、分布式系统、网络空间安全、大数据等。','网络空间安全','/__local/5/B1/B0/7C88A32EB306AA056B0E7949B91_9F3B3660_34E3.jpg',0,0,27801,NULL,'副教授','/maxiaojing/zh_CN/index.htm','http://grid.hust.edu.cn/',89,NULL),(70,'代炜琦','','','武汉市洪山区珞瑜路1037号, 华中科技大学东五楼2楼',NULL,'','网络空间安全学院','集群与网格计算湖北省重点实验室','华中科技大学“大数据技术与系统国家地方联合工程研究中心”暨“服务计算技术与系统教育部重点实验室”暨“集群与网格计算湖北省重点实验室”依托于计算机系统结构国家重点学科和计算机软件与理论湖北省重点学科，建有湖北省大数据技术与系统工程实验室，湖北省大数据安全工程技术研究中心。拥有自由开放的学术氛围和国际前沿的研究方向。目前主要的研究领域包括：系统软件与体系结构、分布式系统、网络空间安全、大数据等。','网络空间安全','/__local/6/1F/AE/C9948294F17773AD29C48DA998F_D7E5C234_322A.jpg',0,0,35578,NULL,'讲师','/dwqwog/zh_CN/index.htm','http://grid.hust.edu.cn/',89,NULL),(71,'金燕','','','中国 武汉 洪山区珞喻路 1037 号   华中科技大学 计算机学院',NULL,'','计算机科学与技术学院','John Hopcroft工作室','华中科技大学John Hopcroft工作室依托于华中科技大学计算机科学与技术学院和华中科技大学创新研究院，成立于2014年9月，位于华中科技大学创新研究院。主要研究领域包括经典理论计算机科学的基础理论与算法研究以及大数据背景下的现代数据挖掘、机器学习、深度学习的基础理论与算法研究。','计算机软件与理论','/__local/1/DC/95/79A3F8D4C6D2FFECB63C73F1FF7_3FC34D7B_E94.jpg',0,0,35630,NULL,'副教授','/jinyan1/zh_CN/index.htm','http://jhl.cs.hust.edu.cn/index.htm',90,'http://jhl.cs.hust.edu.cn/sysgk/jj.htm');
/*!40000 ALTER TABLE `teacher` ENABLE KEYS */;
UNLOCK TABLES;

--
-- Table structure for table `teacher_direction`
--

DROP TABLE IF EXISTS `teacher_direction`;
/*!40101 SET @saved_cs_client     = @@character_set_client */;
/*!40101 SET character_set_client = utf8 */;
CREATE TABLE `teacher_direction` (
  `id` int(11) NOT NULL AUTO_INCREMENT,
  `tid` int(11) DEFAULT NULL,
  `did` int(11) DEFAULT NULL,
  PRIMARY KEY (`id`),
  KEY `teacher_direction___dfk` (`did`),
  KEY `teacher_direction_teacher__tfk` (`tid`),
  CONSTRAINT `teacher_direction___dfk` FOREIGN KEY (`did`) REFERENCES `research_direction` (`id`),
  CONSTRAINT `teacher_direction_teacher__tfk` FOREIGN KEY (`tid`) REFERENCES `teacher` (`id`)
) ENGINE=InnoDB AUTO_INCREMENT=78 DEFAULT CHARSET=latin1 COMMENT='教师研究方向关系表';
/*!40101 SET character_set_client = @saved_cs_client */;

--
-- Dumping data for table `teacher_direction`
--

LOCK TABLES `teacher_direction` WRITE;
/*!40000 ALTER TABLE `teacher_direction` DISABLE KEYS */;
INSERT INTO `teacher_direction` VALUES (1,2,5),(2,2,6),(3,2,7),(4,4,8),(5,4,9),(6,4,10),(7,4,11),(9,5,12),(10,5,13),(11,6,8),(12,7,14),(13,7,15),(14,7,16),(15,7,17),(16,8,19),(17,8,18),(18,8,28),(19,8,29),(20,10,30),(21,10,31),(22,10,32),(23,24,38),(24,24,37),(25,25,39),(26,25,41),(27,25,42),(28,25,44),(29,25,45),(30,26,44),(31,26,45),(32,26,43),(33,26,46),(34,32,19),(35,32,52),(36,33,57),(37,33,58),(38,34,59),(39,34,60),(40,34,61),(41,34,62),(42,36,53),(43,36,54),(44,36,55),(45,36,69),(46,36,70),(47,37,54),(48,44,76),(49,51,76),(50,52,76),(51,54,76),(52,61,76),(53,63,76),(54,43,77),(55,46,77),(56,50,77),(57,56,77),(58,57,77),(59,60,77),(60,62,77),(61,64,77),(62,45,40),(63,47,40),(64,48,40),(65,49,40),(66,55,40),(67,58,40),(68,59,40),(69,64,40),(70,66,78),(71,67,78),(72,68,78),(73,69,78),(74,70,78),(75,71,85),(76,71,86),(77,71,87);
/*!40000 ALTER TABLE `teacher_direction` ENABLE KEYS */;
UNLOCK TABLES;

--
-- Table structure for table `teacher_dynamic`
--

DROP TABLE IF EXISTS `teacher_dynamic`;
/*!40101 SET @saved_cs_client     = @@character_set_client */;
/*!40101 SET character_set_client = utf8 */;
CREATE TABLE `teacher_dynamic` (
  `id` int(11) NOT NULL AUTO_INCREMENT,
  `dyid` int(11) DEFAULT NULL,
  `tid` int(11) DEFAULT NULL,
  PRIMARY KEY (`id`),
  KEY `teacher_dynamic___dyid` (`dyid`),
  KEY `teacher_dynamic___tid` (`tid`),
  CONSTRAINT `teacher_dynamic___dyid` FOREIGN KEY (`dyid`) REFERENCES `dynamic` (`id`),
  CONSTRAINT `teacher_dynamic___tid` FOREIGN KEY (`tid`) REFERENCES `teacher` (`id`)
) ENGINE=InnoDB DEFAULT CHARSET=latin1 COMMENT='教师-动态关系表';
/*!40101 SET character_set_client = @saved_cs_client */;

--
-- Dumping data for table `teacher_dynamic`
--

LOCK TABLES `teacher_dynamic` WRITE;
/*!40000 ALTER TABLE `teacher_dynamic` DISABLE KEYS */;
/*!40000 ALTER TABLE `teacher_dynamic` ENABLE KEYS */;
UNLOCK TABLES;

--
-- Table structure for table `teacher_result`
--

DROP TABLE IF EXISTS `teacher_result`;
/*!40101 SET @saved_cs_client     = @@character_set_client */;
/*!40101 SET character_set_client = utf8 */;
CREATE TABLE `teacher_result` (
  `id` int(11) NOT NULL AUTO_INCREMENT,
  `tid` int(11) DEFAULT NULL,
  `rid` int(11) DEFAULT NULL,
  PRIMARY KEY (`id`),
  KEY `teacher_result___rfk` (`rid`),
  KEY `teacher_result___tfk` (`tid`),
  CONSTRAINT `teacher_result___rfk` FOREIGN KEY (`rid`) REFERENCES `research_result` (`id`),
  CONSTRAINT `teacher_result___tfk` FOREIGN KEY (`tid`) REFERENCES `teacher` (`id`)
) ENGINE=InnoDB DEFAULT CHARSET=latin1 COMMENT='教师--研究成果关系表';
/*!40101 SET character_set_client = @saved_cs_client */;

--
-- Dumping data for table `teacher_result`
--

LOCK TABLES `teacher_result` WRITE;
/*!40000 ALTER TABLE `teacher_result` DISABLE KEYS */;
/*!40000 ALTER TABLE `teacher_result` ENABLE KEYS */;
UNLOCK TABLES;

--
-- Table structure for table `teacher_subject`
--

DROP TABLE IF EXISTS `teacher_subject`;
/*!40101 SET @saved_cs_client     = @@character_set_client */;
/*!40101 SET character_set_client = utf8 */;
CREATE TABLE `teacher_subject` (
  `id` int(11) NOT NULL AUTO_INCREMENT,
  `ttid` int(11) DEFAULT NULL COMMENT 'the tid of teacher',
  `sid` int(11) DEFAULT NULL COMMENT 'the id of subject',
  `subject_name` varchar(512) DEFAULT NULL,
  `teacher_name` varchar(256) DEFAULT NULL,
  PRIMARY KEY (`id`),
  KEY `teacher_subject___sfk` (`sid`),
  KEY `teacher_subject___ttfk` (`ttid`),
  CONSTRAINT `teacher_subject___sfk` FOREIGN KEY (`sid`) REFERENCES `subject` (`id`),
  CONSTRAINT `teacher_subject___ttfk` FOREIGN KEY (`ttid`) REFERENCES `teacher` (`id`)
) ENGINE=InnoDB AUTO_INCREMENT=7 DEFAULT CHARSET=utf8 COMMENT='教师--学科关系表';
/*!40101 SET character_set_client = @saved_cs_client */;

--
-- Dumping data for table `teacher_subject`
--

LOCK TABLES `teacher_subject` WRITE;
/*!40000 ALTER TABLE `teacher_subject` DISABLE KEYS */;
INSERT INTO `teacher_subject` VALUES (1,2,812,'材料学','单斌'),(2,2,850,'材料物理与化学','单斌'),(3,4,740,'机械电子工程','陈蓉'),(4,4,812,'材料学','陈蓉'),(5,6,811,'热能工程','冯光'),(6,6,849,'工程热物理','冯光');
/*!40000 ALTER TABLE `teacher_subject` ENABLE KEYS */;
UNLOCK TABLES;
/*!40103 SET TIME_ZONE=@OLD_TIME_ZONE */;

/*!40101 SET SQL_MODE=@OLD_SQL_MODE */;
/*!40014 SET FOREIGN_KEY_CHECKS=@OLD_FOREIGN_KEY_CHECKS */;
/*!40014 SET UNIQUE_CHECKS=@OLD_UNIQUE_CHECKS */;
/*!40101 SET CHARACTER_SET_CLIENT=@OLD_CHARACTER_SET_CLIENT */;
/*!40101 SET CHARACTER_SET_RESULTS=@OLD_CHARACTER_SET_RESULTS */;
/*!40101 SET COLLATION_CONNECTION=@OLD_COLLATION_CONNECTION */;
/*!40111 SET SQL_NOTES=@OLD_SQL_NOTES */;

-- Dump completed on 2019-11-27 11:19:06
